"target","model","class","n_tested","n_class","grid_pct","area_pct"
"GPP","With_VPD","forward-only",12009,1342,11.1749521192439,12.5857071624238
"GPP","With_VPD","reverse-only",12009,253,2.10675326838205,1.68646564747787
"GPP","With_VPD","bidirectional",12009,11,0.0915979681905238,0.110807002703811
"GPP","With_VPD","none",12009,10403,86.6266966441835,85.6170201873945
"LAI","With_VPD","forward-only",5788,13,0.224602626123013,0.232994920959043
"LAI","With_VPD","reverse-only",5788,32,0.55286800276434,0.545063541642952
"LAI","With_VPD","bidirectional",5788,0,0,0
"LAI","With_VPD","none",5788,5743,99.2225293711126,99.221941537398
"GPP","Without_VPD","forward-only",12009,2098,17.4702306603381,20.5268913020241
"GPP","Without_VPD","reverse-only",12009,317,2.63968690149055,2.0886635301126
"GPP","Without_VPD","bidirectional",12009,45,0.374718960779415,0.42399207520692
"GPP","Without_VPD","none",12009,9549,79.515363477392,76.9604530926564
"LAI","Without_VPD","forward-only",5788,21,0.362819626814098,0.40833616619632
"LAI","Without_VPD","reverse-only",5788,29,0.501036627505183,0.509770958704612
"LAI","Without_VPD","bidirectional",5788,0,0,0
"LAI","Without_VPD","none",5788,5738,99.1361437456807,99.0818928750991
