"script","language","size_bytes","sha256","seed_record_count"
"<PROJECT_ROOT>/scripts_TOP100_revision/run_all_TOP100_revision.R","R",7781,"e01812f022799d7388111f82d176a4cd62c34373b1cfa417db1f6e4d9a407842",0
"<PROJECT_ROOT>/scripts_TOP100_revision/01_input_audit/01_freeze_and_audit_TOP100.py","Python",5791,"1a3f253515ea78659fc0d779dd09b60be8d35ff512b7197f81e3f8c364ba9977",0
"<PROJECT_ROOT>/scripts_TOP100_revision/02_TOP100_core_recalculation/04_compute_ERA5_top_boundary_monthly.py","Python",8611,"9cb437b5f2650bbe0456cf679b5539a7ff4c07de8e1577a19ee1aabd11408ad0",0
"<PROJECT_ROOT>/scripts_TOP100_revision/03_trend_and_layers/05_analyze_top_boundary_results.py","Python",10501,"e0d260fa620930e9c844d97a453d6ebfa8003e8b38673edd3e40ac5d7a29cfc2",0
"<PROJECT_ROOT>/scripts_TOP100_revision/03_trend_and_layers/09_compute_top100_layer_contributions.py","Python",10062,"aa42227cd592d3ff419e97c739a5d85c777de8a1d3dcfcc468accc15fbfc17f3",0
"<PROJECT_ROOT>/scripts_TOP100_revision/03_trend_and_layers/15_reconcile_top_boundary_domains.py","Python",1445,"d51613339417865d8ce363906853f91fef3b301ba0cfd9a6e228f24278f05d45",0
"<PROJECT_ROOT>/scripts_TOP100_revision/02_TOP100_core_recalculation/02_export_TOP100_core_RData.R","R",2985,"31ada48915a71f17bea3b3602e46e71e89165750a6dc6f9af0d06734e9228dae",0
"<PROJECT_ROOT>/scripts_TOP100_revision/05_precip_wetdry/05_run_TOP100_downstream_baseline.R","R",6322,"79b1f88f3aac470cececd9c4e80aff8d3cf076d9952a1c1d68dd5780e40da9ad",0
"<PROJECT_ROOT>/scripts_TOP100_revision/05_precip_wetdry/05c_compute_Fig2a_deseasoned_only_TOP100.R","R",8407,"9605c1b824a99efbd8b9c7a632fb0c18a0709e7776540f4acfd0150779047b08",0
"<PROJECT_ROOT>/scripts_TOP100_revision/05_precip_wetdry/05b_exact_wetdry_decomposition_TOP100.R","R",6111,"4fcf2457977ffa7c24134d856b9a0257083f6a4425d5336638ff1f32f759b939",1
"<PROJECT_ROOT>/scripts_TOP100_revision/06_ENSO/06_run_ONIstandard_TOP100.R","R",4525,"64fd61a6343e7917196a6557ffe8bc30c3f80417fd28328343006aaeb0b432fa",0
"<PROJECT_ROOT>/scripts_TOP100_revision/08_temporal_precedence/08_conditional_temporal_precedence_lag1_4_TOP100.R","R",10217,"157c3653a26dc36ff5f3644f15a941efd56f8bd3f32684fc4800b71386e1fd2c",0
"<PROJECT_ROOT>/scripts_TOP100_revision/08_temporal_precedence/08a_precip_temporal_effects_TOP100.R","R",4168,"5607ffefe1ecabc73566ee92792f93478718a2925595bda5ac8f4875cfc34303",1
"<PROJECT_ROOT>/scripts_TOP100_revision/08_temporal_precedence/08b_ecology_temporal_effects_TOP100.R","R",6145,"68a2bc9ba4d526580de47e9256122e015194a08bb0b5ec81dd170454e1bd75ef",1
"<PROJECT_ROOT>/scripts_TOP100_revision/08_temporal_precedence/08c_resummarize_ecology_temporal_effects_TOP100.R","R",2501,"d00ea84fe961a7493b421af6d2b5187f8d7b49185612a095b7cc444d6ec593d3",1
"<PROJECT_ROOT>/scripts_TOP100_revision/09_JRA55/09_compute_JRA55_TOP100_native_1982_2023.py","Python",12535,"38ce1d0c1462405482ea7477163abd88cdbc21cc27a35d1acbbcbfd369a81174",0
"<PROJECT_ROOT>/scripts_TOP100_revision/09_JRA55/09b_export_ERA5_TOP100_1982_2023.R","R",1537,"1bd09764faf3f086440fcadaa506badceebf986543fcf3c6b10f4913a512f0b4",0
"<PROJECT_ROOT>/scripts_TOP100_revision/09_JRA55/09c_compare_JRA55_ERA5_TOP100.py","Python",9445,"b4be9246a7e3bf081addd62d601c3037b2ba8f7b5f25c97f129ae1fbb6d852cf",1
"<PROJECT_ROOT>/scripts_TOP100_revision/09_JRA55/09d_compute_ERA5_TOP100_layers_1982_2023.py","Python",10796,"4241eb8111b033e1b227dbfc5b2d76905cfcdff3cb03a6413f6b87b7ddcbd48e",0
"<PROJECT_ROOT>/scripts_TOP100_revision/09_JRA55/09e_compare_six_layer_contributions_TOP100.py","Python",4822,"e7729affddced0c7ef45cbd5e674f5193231cb1f40acd94bb01ae1e78523db27",0
"<PROJECT_ROOT>/scripts_TOP100_revision/10_surface_truncation/16_audit_surface_endpoint_inputs.R","R",2649,"58dae8e6ce91151b02df15636fffe9dc5eb7fc90e6c2dc744310c756b09e2d48",0
"<PROJECT_ROOT>/scripts_TOP100_revision/10_surface_truncation/17_compute_surface_endpoint_methods.R","R",8248,"e124292cb74eff1d668dedc5d4bc43a25d3b518e951344839bd1fa01d67891f2",0
"<PROJECT_ROOT>/scripts_TOP100_revision/10_surface_truncation/18_analyze_surface_endpoint_methods.R","R",7521,"89e4867b0861645ec6cb00660c0bea5669fd5548f40bf42d99806e1178a8a278",0
"<PROJECT_ROOT>/scripts_TOP100_revision/11_uncertainty/06_build_top_boundary_10deg_blocks.py","Python",2838,"dbb110912a738f2786dfe2468e5fc252e8f9011dba3abc7d5e44f484ff653d89",0
"<PROJECT_ROOT>/scripts_TOP100_revision/11_uncertainty/07_build_top_boundary_zone_monthly.py","Python",1760,"42dd4f8ade30b9d54211d74cf62520a5366e42160cb1052e27ca0f83ebe60e47",0
"<PROJECT_ROOT>/scripts_TOP100_revision/11_uncertainty/08_top_boundary_uncertainty.R","R",5913,"c62b8f20f7d9d22e65d8c93a5613ff6bb824416e0420d90be8b9597cefee5352",1
"<PROJECT_ROOT>/scripts_TOP100_revision/11_uncertainty/11_build_lat5_monthly_and_uncertainty.R","R",2903,"6dbdea9e4618085c76c853590f3c07176f85ca935bfe29606272ab94a5be06a1",1
"<PROJECT_ROOT>/scripts_TOP100_revision/12_field_significance/10_top_boundary_effective_n_FDR.R","R",3472,"e26dc191d5218e5d5a08eac4a19ea8274c4949ba018f770b66925418d515cdf7",0
"<PROJECT_ROOT>/scripts_TOP100_revision/12_field_significance/12a_export_TOP100_precip_monthly_nc.R","R",2539,"e3d4ff1d6b141fc92a44bb23d6958c8c00bf46c66175aa262ca92dec33573b53",0
"<PROJECT_ROOT>/scripts_TOP100_revision/12_field_significance/12b_precip_BH_BY_field_significance_TOP100.py","Python",14674,"af674a07b6dc8203673ca5d26be45f25094901158a6e6a4bf4ba612fcf930a4c",2
"<PROJECT_ROOT>/scripts_TOP100_revision/12_field_significance/12c_ecology_BH_BY_TOP100.py","Python",2552,"983815c60aea14208f13158ee301d092dcb127e9ea272e14755981152114d010",0
"<PROJECT_ROOT>/scripts_TOP100_revision/13_incremental_value/13a_precip_wetdry_increment_TOP100.R","R",10000,"4562c9665769466f878c68d52edf88f11aa8d43e895b1a40c207b4e436e188c1",1
"<PROJECT_ROOT>/scripts_TOP100_revision/13_incremental_value/13b_ecology_increment_TOP100.R","R",10123,"48b4457c07ad38623a1f2376ec2e7459641a7422da6919a3fdad1e0bd11cf34a",1
"<PROJECT_ROOT>/scripts_TOP100_revision/13_incremental_value/13c_ENSO_increment_TOP100.R","R",9258,"647cdec191205900696dd12ba1809fc2838a8e33be5cda6dd75e6c8727a60948",1
"<PROJECT_ROOT>/scripts_TOP100_revision/13_incremental_value/13d_classify_incremental_value_TOP100.py","Python",3967,"a99a33d212b9be80a82b10f236733e878bd7550d0ae9bc80e519a6374121b9a1",0
"<PROJECT_ROOT>/scripts_TOP100_revision/14_plot_main_figures/14e_Figure1d_spatial_correlation_uncertainty_TOP100.R","R",4416,"326759d3d3d3e518ca113a0d230c813994263856d29697f05362a5e22a31c40d",1
"<PROJECT_ROOT>/scripts_TOP100_revision/14_plot_main_figures/14b_build_Figure1_TOP100_adapter.R","R",10144,"5fb6011bcd2ba7fbebd65678f8bcc3fb75f364aa85527d28a788b13c45f29acb",3
"<PROJECT_ROOT>/scripts_TOP100_revision/14_plot_main_figures/14f_build_Figure2_TOP100_adapter.R","R",11715,"94a84955dd11e3f1da85f7b976cb8c08e880088089fd9c9279316434232858a9",3
"<PROJECT_ROOT>/scripts_TOP100_revision/14_plot_main_figures/14g_build_Figure3_TOP100_adapter.R","R",7258,"06912c68bd2a461da12198fd71b4ef749fe1a35622efacba1971663de0de82f9",2
"<PROJECT_ROOT>/scripts_TOP100_revision/14_plot_main_figures/build_Figure1_TOP100_FINAL.R","R",96033,"a5d4f960db90dcde459c2664509867da17be0ea5aea5b786f93050a5dcec7fff",0
"<PROJECT_ROOT>/scripts_TOP100_revision/14_plot_main_figures/build_Figure2_TOP100_FINAL.R","R",35323,"d1f1b3cf76075e403896bcf3ca1563bf0742f59d9d258d7cb7d324dbd9dbf6ea",0
"<PROJECT_ROOT>/scripts_TOP100_revision/14_plot_main_figures/14h_build_Figure2d_NS_order_TOP100.R","R",2580,"9c0cfe4e9c9240373315580aa000d3a841353062f593021d33afa0586ebcd607",0
"<PROJECT_ROOT>/scripts_TOP100_revision/14_plot_main_figures/build_Figure3_TOP100_FINAL.R","R",71356,"d7715c8dcb2406f89a80fef10d721e9e3f4706559e0b9a1b4a0160ae4792de36",0
"<PROJECT_ROOT>/scripts_TOP100_revision/15_plot_SI_figures/build_SI_TOP100_FINAL.R","R",24820,"1d70a67f188ca6bb4d70c0aa042803232608e6f0d0236f00fc2941e8c70e9068",0
"<PROJECT_ROOT>/scripts_TOP100_revision/16_build_workbook/16a_build_result_registry_TOP100.py","Python",20311,"227a9c7bd917c6a985db62f815d562f12eb27a61ae78e7c614da0330b7d59d2f",0
"<PROJECT_ROOT>/scripts_TOP100_revision/16_build_workbook/16d_build_DATA_PRODUCTS_AND_PROCESSING.mjs","Node.js",4045,"233c9a4cb55c81256069f0afc6172742b360dddbe443ff7b8e96c4c8edaf85f8",0
"<PROJECT_ROOT>/scripts_TOP100_revision/16_build_workbook/16e_build_SI_INDEX_AND_TABLES.mjs","Node.js",2199,"21a0df2bdcec2ccfc167043cc8288f6fb5cb8cc5643bb3218ea93ec187dd0207",0
"<PROJECT_ROOT>/scripts_TOP100_revision/16_build_workbook/16c_finalize_manifests_TOP100.py","Python",5460,"1c105c1d38df210f00239668108aa16c3b50a54f8046c7a307ecfd7f440fe306",0
"<PROJECT_ROOT>/scripts_TOP100_revision/16_build_workbook/16b_build_ALL_RESULTS_AND_METHODS_DETAIL.mjs","Node.js",10848,"2587f00d7274eedc21c8845596bb9b3dd1b616ada84146c607c066b1ced43f44",0
"<PROJECT_ROOT>/scripts_TOP100_revision/16_build_workbook/16f_build_final_QA_TOP100.py","Python",13606,"cbe7fa9adeb1e96f1766071825cf392599336aee102d1994c2d9c4a5bd0b0514",0
"<PROJECT_ROOT>/scripts_TOP100_revision/QA/audit_longitude_alignment_TOP100.R","R",12006,"b0b8739b2bdaa26a952c9430fb23901eb782a93f6274a7666d2d9c151f219be6",0
"<PROJECT_ROOT>/CANONICAL_WGPE_TOP100_v2/07_SCRIPTS/00_compute_fig1_exact_spatial_block_ci.R","R",4199,"b1c81785847df486e8553d811b9c5f033dd1b959689e8ce26c39585f65bd34f5",2
"<PROJECT_ROOT>/CANONICAL_WGPE_TOP100_v2/07_SCRIPTS/01_build_Figure1_locked_layout_exact_data.R","R",786,"dfffda7f93b8bd8b1222198ece846005c50b25ce6357e0f5667db9a10f061d26",0
"<PROJECT_ROOT>/CANONICAL_WGPE_TOP100_v2/07_SCRIPTS/02_fig1_reference_and_canonical_sensitivity.R","R",16355,"fdd34285ce96f145d7f1da73888e766cbbf383aba6d6bdc6e20dff7dd8e44738",0
"<PROJECT_ROOT>/CANONICAL_WGPE_TOP100_v2/07_SCRIPTS/03_fig2e_monthly_oof_and_resolution.R","R",7661,"fa0527c967384aca8319907455a502fd808b01164524c8019af7259f46e76c88",0
"<PROJECT_ROOT>/CANONICAL_WGPE_TOP100_v2/07_SCRIPTS/04_fig2e_pooled_and_bootstrap.R","R",4276,"1bc31796c19eddfd1175a8064f3090c4d7187c6d698287b1f2bb7c8e1cd3a00e",1
"<PROJECT_ROOT>/CANONICAL_WGPE_TOP100_v2/07_SCRIPTS/05_fig3f_lag3_hac_resolution.R","R",7346,"a5ca8a22d5052d9dc2dc1a4a0b9724937b7960119ca835c488eb4a8ec1c89839",0
"<PROJECT_ROOT>/CANONICAL_WGPE_TOP100_v2/07_SCRIPTS/06_fig3f_common_grid_summary.R","R",1823,"aac6819cf1f5befccbf1696c745738929bb476f5e799f2f5ba3a35843203adf4",1
"<PROJECT_ROOT>/CANONICAL_WGPE_TOP100_v2/07_SCRIPTS/07_fig2e_fully_nested_preprocessing_sensitivity.R","R",33322,"d158f445f7206e23876f99cb89c976d12bc5129d338a6bb6d2792ab03f66b883",3
"<PROJECT_ROOT>/CANONICAL_WGPE_TOP100_v2/07_SCRIPTS/08_wetdry_spatiotemporal_bootstrap.R","R",14406,"65f3e657641189f3fc0ab0730c170e6676179fe2b7d260fb9c7398aee8487980",3
"<PROJECT_ROOT>/CANONICAL_WGPE_TOP100_v2/07_SCRIPTS/08a_prepare_wetdry_annual_chunk.R","R",6180,"a2fd43d68adca1dbecdc29bf7e91842ab8bcb25a35d113aeb317dc5024507402",0
"<PROJECT_ROOT>/CANONICAL_WGPE_TOP100_v2/07_SCRIPTS/08b_finalize_wetdry_spatiotemporal_bootstrap.R","R",10490,"ba7f854e7a38be3f5db281f28d554cea80bcea5349eef2ec161580e273b9b640",3
"<PROJECT_ROOT>/CANONICAL_WGPE_TOP100_v2/07_SCRIPTS/09_main_trend_uncertainty_concentrated.R","R",12781,"6fa71846410e05f2497fe1ff867f25a1f983c238c342bff56461f8676c18611d",3
"<PROJECT_ROOT>/CANONICAL_WGPE_TOP100_v2/07_SCRIPTS/10_build_software_seed_ledger.R","R",11380,"ac98dd256771b1b18b20c0fffeeb3c1e219602b9817c5f60c189a7f3b602a2a7",4
"<PROJECT_ROOT>/CANONICAL_WGPE_TOP100_v2/07_SCRIPTS/build_Figure1_TOP100_FINAL_v5.R","R",104027,"c14a6fbf7b2fc1e5121d6532322532a7518e0ed0f302bdd473a8c543367460a8",0
"<PROJECT_ROOT>/CANONICAL_WGPE_TOP100_v2/07_SCRIPTS/build_Figure2_TOP100_FINAL_v5.R","R",40381,"6ce08b951881b751c2b8c2ea906dea3e3cd527a49680713f1e5bfe46e6288163",0
"<PROJECT_ROOT>/CANONICAL_WGPE_TOP100_v2/07_SCRIPTS/build_Figure3_TOP100_FINAL_v5.R","R",79063,"5f4f48d6d4fcedc0dc7e597c87ba6cffc2348c687ab076c8a1eeaacd05e780dd",0
"<PROJECT_ROOT>/CANONICAL_WGPE_TOP100_v2/07_SCRIPTS/LAI_coverage_sensitivity_FULL.R","R",34333,"5cad5ba8b26df90038ebd0686be098968ec27c9652b43121262a68c1a919092a",2
"<PROJECT_ROOT>/CANONICAL_WGPE_TOP100_v2/07_SCRIPTS/run_LAI_coverage_sensitivity.sh","shell",271,"a6a4d7e6ca02e6947f270ef156743d4a6d32170b7ed5f7213ab6699cd6c4b472",0
"<PROJECT_ROOT>/CANONICAL_WGPE_TOP100_v2/07_SCRIPTS/run_wetdry_spatiotemporal.ps1","PowerShell",735,"01a01018db8affc1c2f17fa67fba5e1175448616950c02ba9be8ca3b9b8eca4e",0
"<PROJECT_ROOT>/CANONICAL_WGPE_TOP100_v2/07_SCRIPTS/support/fig2e_fully_nested_preprocessing_sensitivity.cpp","C++",11535,"384419159b00c98a8bf354b74d4b5c904d9b898b5db9b1fb4b73a04bfd1f80fe",0
"<PROJECT_ROOT>/CANONICAL_WGPE_TOP100_v2/07_SCRIPTS/support/fig2e_oof_predictions_training_only.cpp","C++",4016,"b0a3d4f73d5e62953173c1820a3c84c4c9f413bbb6b5b9417057ec0a5105b801",0
"<PROJECT_ROOT>/CANONICAL_WGPE_TOP100_v2/07_SCRIPTS/support/wetdry_spatiotemporal_bootstrap.cpp","C++",4061,"2f96ba9fc1ff39dbbcf345011378e92d6e782cf61ce1e5c7a68ef1635b353629",0
