language,package,version,status,environment
Python,annotated_types,0.7.0,version_recovered_from_dist_info,<RECORDED_ENVIRONMENT_PATH>
Python,artifact_tool_v2,2.8.24,version_recovered_from_dist_info,<RECORDED_ENVIRONMENT_PATH>
Python,attrs,26.1.0,version_recovered_from_dist_info,<PROJECT_ROOT>/scripts_core_validation/_pydeps_grib_readable
Python,certifi,2026.6.17,version_recovered_from_dist_info,<PROJECT_ROOT>/scripts_core_validation/_pydeps_netcdf_readable
Python,cffi,2.1.0,version_recovered_from_dist_info,<RECORDED_ENVIRONMENT_PATH>
Python,cffi,2.1.0,version_recovered_from_dist_info,<PROJECT_ROOT>/scripts_core_validation/_pydeps_grib_readable
Python,cfgrib,0.9.15.1,version_recovered_from_dist_info,<PROJECT_ROOT>/scripts_core_validation/_pydeps_grib_readable
Python,cftime,1.6.5,version_recovered_from_dist_info,<PROJECT_ROOT>/scripts_core_validation/_pydeps_netcdf_readable
Python,charset_normalizer,3.4.9,version_recovered_from_dist_info,<RECORDED_ENVIRONMENT_PATH>
Python,click,8.4.2,version_recovered_from_dist_info,<PROJECT_ROOT>/scripts_core_validation/_pydeps_grib_readable
Python,colorama,0.4.6,version_recovered_from_dist_info,<PROJECT_ROOT>/scripts_core_validation/_pydeps_grib_readable
Python,cryptography,49.0.0,version_recovered_from_dist_info,<RECORDED_ENVIRONMENT_PATH>
Python,eccodes,2.47.0,version_recovered_from_dist_info,<PROJECT_ROOT>/scripts_core_validation/_pydeps_grib_readable
Python,et_xmlfile,2.0.0,version_recovered_from_dist_info,<RECORDED_ENVIRONMENT_PATH>
Python,findlibs,0.1.2,version_recovered_from_dist_info,<PROJECT_ROOT>/scripts_core_validation/_pydeps_grib_readable
Python,lxml,6.0.2,version_recovered_from_dist_info,<RECORDED_ENVIRONMENT_PATH>
Python,netcdf4,1.7.4,version_recovered_from_dist_info,<PROJECT_ROOT>/scripts_core_validation/_pydeps_netcdf_readable
Python,numpy,2.3.5,version_recovered_from_dist_info,<RECORDED_ENVIRONMENT_PATH>
Python,numpy,2.5.1,version_recovered_from_dist_info,<PROJECT_ROOT>/scripts_core_validation/_pydeps_grib_readable
Python,numpy,2.5.1,version_recovered_from_dist_info,<PROJECT_ROOT>/scripts_core_validation/_pydeps_netcdf_readable
Python,openpyxl,3.1.5,version_recovered_from_dist_info,<RECORDED_ENVIRONMENT_PATH>
Python,packaging,26.2,version_recovered_from_dist_info,<RECORDED_ENVIRONMENT_PATH>
Python,pandas,3.0.1,version_recovered_from_dist_info,<RECORDED_ENVIRONMENT_PATH>
Python,pdf2image,1.17.0,version_recovered_from_dist_info,<RECORDED_ENVIRONMENT_PATH>
Python,pdfminer_six,20251230,version_recovered_from_dist_info,<RECORDED_ENVIRONMENT_PATH>
Python,pdfplumber,0.11.9,version_recovered_from_dist_info,<RECORDED_ENVIRONMENT_PATH>
Python,pillow,12.2.0,version_recovered_from_dist_info,<RECORDED_ENVIRONMENT_PATH>
Python,pip,26.0.1,version_recovered_from_dist_info,<RECORDED_ENVIRONMENT_PATH>
Python,pycparser,3.0,version_recovered_from_dist_info,<RECORDED_ENVIRONMENT_PATH>
Python,pycparser,3.0,version_recovered_from_dist_info,<PROJECT_ROOT>/scripts_core_validation/_pydeps_grib_readable
Python,pydantic,2.13.4,version_recovered_from_dist_info,<RECORDED_ENVIRONMENT_PATH>
Python,pydantic_core,2.46.4,version_recovered_from_dist_info,<RECORDED_ENVIRONMENT_PATH>
Python,pyhumps,3.8.0,version_recovered_from_dist_info,<RECORDED_ENVIRONMENT_PATH>
Python,pypdf,6.10.0,version_recovered_from_dist_info,<RECORDED_ENVIRONMENT_PATH>
Python,pypdfium2,5.11.0,version_recovered_from_dist_info,<RECORDED_ENVIRONMENT_PATH>
Python,python_dateutil,2.9.0.post0,version_recovered_from_dist_info,<RECORDED_ENVIRONMENT_PATH>
Python,python_docx,1.2.0,version_recovered_from_dist_info,<RECORDED_ENVIRONMENT_PATH>
Python,python_pptx,1.0.2,version_recovered_from_dist_info,<RECORDED_ENVIRONMENT_PATH>
Python,reportlab,4.4.9,version_recovered_from_dist_info,<RECORDED_ENVIRONMENT_PATH>
Python,setuptools,83.0.0,version_recovered_from_dist_info,<RECORDED_ENVIRONMENT_PATH>
Python,six,1.17.0,version_recovered_from_dist_info,<RECORDED_ENVIRONMENT_PATH>
Python,typing_extensions,4.16.0,version_recovered_from_dist_info,<RECORDED_ENVIRONMENT_PATH>
Python,typing_inspection,0.4.2,version_recovered_from_dist_info,<RECORDED_ENVIRONMENT_PATH>
Python,tzdata,2026.2,version_recovered_from_dist_info,<RECORDED_ENVIRONMENT_PATH>
Python,wheel,0.47.0,version_recovered_from_dist_info,<RECORDED_ENVIRONMENT_PATH>
Python,xlsxwriter,3.2.9,version_recovered_from_dist_info,<RECORDED_ENVIRONMENT_PATH>
