"script","language","line","seed_expression"
"<PROJECT_ROOT>/scripts_TOP100_revision/05_precip_wetdry/05b_exact_wetdry_decomposition_TOP100.R","R",56,"block_boot<-function(d,cols,B=1000L){d$block<-paste(floor(((d$lon+180)%%360)/10),floor((d$lat+90)/10),sep=""_"");ids<-unique(d$block);den<-tapply(d$weight,d$block,sum)[ids];num<-lapply(cols,function(v)tapply(d$weight*d[[v]],d$block,sum)[ids]);set.seed(20260714+nrow(d));z<-matrix(NA_real_,B,length(cols));for(b in seq_len(B)){ii<-sample(seq_along(ids),length(ids),TRUE);z[b,]<-vapply(num,function(x)sum(x[ii])/sum(den[ii]),numeric(1))};z}"
"<PROJECT_ROOT>/scripts_TOP100_revision/08_temporal_precedence/08a_precip_temporal_effects_TOP100.R","R",36,"block_ci<-function(x,w,lo,la,B=1000L){ok<-is.finite(x)&is.finite(w);if(sum(ok)<5)return(c(NA,NA));x<-x[ok];w<-w[ok];bid<-paste(floor(((lo[ok]+180)%%360)/10),floor((la[ok]+90)/10),sep=""_"");bn<-tapply(x*w,bid,sum);bd<-tapply(w,bid,sum);ids<-names(bn);set.seed(20260714+length(x));v<-rep(NA_real_,B);for(b in seq_len(B)){ss<-sample(ids,length(ids),TRUE);v[b]<-sum(bn[ss])/sum(bd[ss])};quantile(v,c(.025,.975),na.rm=TRUE,names=FALSE)}"
"<PROJECT_ROOT>/scripts_TOP100_revision/08_temporal_precedence/08b_ecology_temporal_effects_TOP100.R","R",37,"block_ci<-function(x,w,lo,la,B=1000L){ok<-is.finite(x)&is.finite(w);if(sum(ok)<5)return(c(NA,NA));x<-x[ok];w<-w[ok];bid<-paste(floor(((lo[ok]+180)%%360)/10),floor((la[ok]+90)/10),sep=""_"");bn<-tapply(x*w,bid,sum);bd<-tapply(w,bid,sum);ids<-names(bn);set.seed(20260714+length(x));v<-rep(NA_real_,B);for(b in seq_len(B)){ss<-sample(ids,length(ids),TRUE);v[b]<-sum(bn[ss])/sum(bd[ss])};quantile(v,c(.025,.975),na.rm=TRUE,names=FALSE)}"
"<PROJECT_ROOT>/scripts_TOP100_revision/08_temporal_precedence/08c_resummarize_ecology_temporal_effects_TOP100.R","R",15,"block_ci<-function(x,w,lo,la,B=1000L){ok<-is.finite(x)&is.finite(w);if(sum(ok)<5)return(c(NA,NA));x<-x[ok];w<-w[ok];bid<-paste(floor(((lo[ok]+180)%%360)/10),floor((la[ok]+90)/10),sep=""_"");bn<-tapply(x*w,bid,sum);bd<-tapply(w,bid,sum);ids<-names(bn);set.seed(20260714+length(x));v<-rep(NA_real_,B);for(b in seq_len(B)){ss<-sample(ids,length(ids),TRUE);v[b]<-sum(bn[ss])/sum(bd[ss])};quantile(v,c(.025,.975),na.rm=TRUE,names=FALSE)}"
"<PROJECT_ROOT>/scripts_TOP100_revision/09_JRA55/09c_compare_JRA55_ERA5_TOP100.py","Python",14,"RNG=np.random.default_rng(20260713)"
"<PROJECT_ROOT>/scripts_TOP100_revision/11_uncertainty/08_top_boundary_uncertainty.R","R",7,"N_BOOT <- 1000L; BLOCK_MONTHS <- 60L; set.seed(20260713)"
"<PROJECT_ROOT>/scripts_TOP100_revision/11_uncertainty/11_build_lat5_monthly_and_uncertainty.R","R",5,"tops<-c(300,200,100);vars<-c(""iwv"",""zbar"",""wgpe"");B<-1000L;L<-60L;set.seed(20260713)"
"<PROJECT_ROOT>/scripts_TOP100_revision/12_field_significance/12b_precip_BH_BY_field_significance_TOP100.py","Python",52,"SEED = 20260714"
"<PROJECT_ROOT>/scripts_TOP100_revision/12_field_significance/12b_precip_BH_BY_field_significance_TOP100.py","Python",53,"rng = np.random.default_rng(SEED)"
"<PROJECT_ROOT>/scripts_TOP100_revision/13_incremental_value/13a_precip_wetdry_increment_TOP100.R","R",53,"block_ci<-function(x,w,lo,la,B=1000L){ok<-is.finite(x)&is.finite(w);if(sum(ok)<5)return(c(NA,NA));x<-x[ok];w<-w[ok];bid<-paste(floor(((lo[ok]+180)%%360)/10),floor((la[ok]+90)/10),sep=""_"");bn<-tapply(x*w,bid,sum);bd<-tapply(w,bid,sum);ids<-names(bn);set.seed(20260713+length(x));v<-rep(NA_real_,B);for(b in seq_len(B)){s<-sample(ids,length(ids),replace=TRUE);v[b]<-sum(bn[s])/sum(bd[s])};quantile(v,c(.025,.975),na.rm=TRUE,names=FALSE)}"
"<PROJECT_ROOT>/scripts_TOP100_revision/13_incremental_value/13b_ecology_increment_TOP100.R","R",43,"block_ci<-function(x,w,lo,la,B=1000L){ok<-is.finite(x)&is.finite(w);if(sum(ok)<5)return(c(NA,NA));x<-x[ok];w<-w[ok];bid<-paste(floor(((lo[ok]+180)%%360)/10),floor((la[ok]+90)/10),sep=""_"");bn<-tapply(x*w,bid,sum);bd<-tapply(w,bid,sum);ids<-names(bn);set.seed(20260713+length(x));v<-rep(NA_real_,B);for(b in seq_len(B)){s<-sample(ids,length(ids),replace=TRUE);v[b]<-sum(bn[s])/sum(bd[s])};quantile(v,c(.025,.975),na.rm=TRUE,names=FALSE)}"
"<PROJECT_ROOT>/scripts_TOP100_revision/13_incremental_value/13c_ENSO_increment_TOP100.R","R",64,"block_ci<-function(x,w,lo,la,B=1000L){ok<-is.finite(x)&is.finite(w);if(sum(ok)<5)return(c(NA,NA));x<-x[ok];w<-w[ok];bid<-paste(floor(((lo[ok]+180)%%360)/10),floor((la[ok]+90)/10),sep=""_"");bn<-tapply(x*w,bid,sum);bd<-tapply(w,bid,sum);ids<-names(bn);set.seed(20260714+length(x));v<-rep(NA_real_,B);for(b in seq_len(B)){ss<-sample(ids,length(ids),replace=TRUE);v[b]<-sum(bn[ss])/sum(bd[ss])};quantile(v,c(.025,.975),na.rm=TRUE,names=FALSE)}"
"<PROJECT_ROOT>/scripts_TOP100_revision/14_plot_main_figures/14e_Figure1d_spatial_correlation_uncertainty_TOP100.R","R",81,"set.seed(seed)"
"<PROJECT_ROOT>/scripts_TOP100_revision/14_plot_main_figures/14b_build_Figure1_TOP100_adapter.R","R",166,"bootstrap_mean <- function(field, B = 1000L, seed = 20260714L) {"
"<PROJECT_ROOT>/scripts_TOP100_revision/14_plot_main_figures/14b_build_Figure1_TOP100_adapter.R","R",170,"set.seed(seed)"
"<PROJECT_ROOT>/scripts_TOP100_revision/14_plot_main_figures/14b_build_Figure1_TOP100_adapter.R","R",190,"ci <- bootstrap_mean(metric_fields[[k]], seed = 20260714L + k)"
"<PROJECT_ROOT>/scripts_TOP100_revision/14_plot_main_figures/14f_build_Figure2_TOP100_adapter.R","R",127,"set.seed(20260714)"
"<PROJECT_ROOT>/scripts_TOP100_revision/14_plot_main_figures/14f_build_Figure2_TOP100_adapter.R","R",153,"set.seed(20260714L + i)"
"<PROJECT_ROOT>/scripts_TOP100_revision/14_plot_main_figures/14f_build_Figure2_TOP100_adapter.R","R",174,"set.seed(20260800L + i)"
"<PROJECT_ROOT>/scripts_TOP100_revision/14_plot_main_figures/14g_build_Figure3_TOP100_adapter.R","R",64,"set.seed(20260714L + u + i)"
"<PROJECT_ROOT>/scripts_TOP100_revision/14_plot_main_figures/14g_build_Figure3_TOP100_adapter.R","R",98,"set.seed(20261000L + z)"
"<PROJECT_ROOT>/CANONICAL_WGPE_TOP100_v2/07_SCRIPTS/00_compute_fig1_exact_spatial_block_ci.R","R",24,"weighted_block_boot <- function(x, w, block, B = 2000L, seed = 20260722L) {"
"<PROJECT_ROOT>/CANONICAL_WGPE_TOP100_v2/07_SCRIPTS/00_compute_fig1_exact_spatial_block_ci.R","R",34,"set.seed(seed)"
"<PROJECT_ROOT>/CANONICAL_WGPE_TOP100_v2/07_SCRIPTS/04_fig2e_pooled_and_bootstrap.R","R",49,"set.seed(20260722); B<-2000L; out<-list();k<-0L"
"<PROJECT_ROOT>/CANONICAL_WGPE_TOP100_v2/07_SCRIPTS/06_fig3f_common_grid_summary.R","R",14,"set.seed(20260722);B<-2000L;boot_rows<-list();k<-0L"
"<PROJECT_ROOT>/CANONICAL_WGPE_TOP100_v2/07_SCRIPTS/07_fig2e_fully_nested_preprocessing_sensitivity.R","R",410,"SEED <- 20260723L"
"<PROJECT_ROOT>/CANONICAL_WGPE_TOP100_v2/07_SCRIPTS/07_fig2e_fully_nested_preprocessing_sensitivity.R","R",449,"set.seed(SEED + boot_counter)"
"<PROJECT_ROOT>/CANONICAL_WGPE_TOP100_v2/07_SCRIPTS/07_fig2e_fully_nested_preprocessing_sensitivity.R","R",463,"set.seed(SEED + 1000L + boot_counter)"
"<PROJECT_ROOT>/CANONICAL_WGPE_TOP100_v2/07_SCRIPTS/08_wetdry_spatiotemporal_bootstrap.R","R",66,"SEED <- 20260723L"
"<PROJECT_ROOT>/CANONICAL_WGPE_TOP100_v2/07_SCRIPTS/08_wetdry_spatiotemporal_bootstrap.R","R",240,"set.seed(seed)"
"<PROJECT_ROOT>/CANONICAL_WGPE_TOP100_v2/07_SCRIPTS/08_wetdry_spatiotemporal_bootstrap.R","R",252,"set.seed(seed)"
"<PROJECT_ROOT>/CANONICAL_WGPE_TOP100_v2/07_SCRIPTS/08b_finalize_wetdry_spatiotemporal_bootstrap.R","R",56,"SEED <- 20260723L"
"<PROJECT_ROOT>/CANONICAL_WGPE_TOP100_v2/07_SCRIPTS/08b_finalize_wetdry_spatiotemporal_bootstrap.R","R",93,"set.seed(seed)"
"<PROJECT_ROOT>/CANONICAL_WGPE_TOP100_v2/07_SCRIPTS/08b_finalize_wetdry_spatiotemporal_bootstrap.R","R",105,"set.seed(seed)"
"<PROJECT_ROOT>/CANONICAL_WGPE_TOP100_v2/07_SCRIPTS/09_main_trend_uncertainty_concentrated.R","R",34,"SEED <- 20260724L"
"<PROJECT_ROOT>/CANONICAL_WGPE_TOP100_v2/07_SCRIPTS/09_main_trend_uncertainty_concentrated.R","R",69,"set.seed(seed)"
"<PROJECT_ROOT>/CANONICAL_WGPE_TOP100_v2/07_SCRIPTS/09_main_trend_uncertainty_concentrated.R","R",81,"set.seed(seed)"
"<PROJECT_ROOT>/CANONICAL_WGPE_TOP100_v2/07_SCRIPTS/10_build_software_seed_ledger.R","R",81,"""random_seed"","
"<PROJECT_ROOT>/CANONICAL_WGPE_TOP100_v2/07_SCRIPTS/10_build_software_seed_ledger.R","R",82,"""random_state"","
"<PROJECT_ROOT>/CANONICAL_WGPE_TOP100_v2/07_SCRIPTS/10_build_software_seed_ledger.R","R",108,"for (i in grep(""random_seed"", config_lines, fixed = TRUE)) {"
"<PROJECT_ROOT>/CANONICAL_WGPE_TOP100_v2/07_SCRIPTS/10_build_software_seed_ledger.R","R",312,"file.path(OUT, ""RANDOM_SEED_LEDGER.csv""),"
"<PROJECT_ROOT>/CANONICAL_WGPE_TOP100_v2/07_SCRIPTS/LAI_coverage_sensitivity_FULL.R","R",132,"set.seed(seed)"
"<PROJECT_ROOT>/CANONICAL_WGPE_TOP100_v2/07_SCRIPTS/LAI_coverage_sensitivity_FULL.R","R",393,"seed = boot_seed"
"<PROJECT_ROOT>/scripts_TOP100_revision/00_config/config_TOP100_revision.json","JSON",29,"""random_seed"": 20260713,"
