"script","seed_recorded"
"<PROJECT_ROOT>/scripts_TOP100_revision/05_precip_wetdry/05b_exact_wetdry_decomposition_TOP100.R",TRUE
"<PROJECT_ROOT>/scripts_TOP100_revision/08_temporal_precedence/08a_precip_temporal_effects_TOP100.R",TRUE
"<PROJECT_ROOT>/scripts_TOP100_revision/08_temporal_precedence/08b_ecology_temporal_effects_TOP100.R",TRUE
"<PROJECT_ROOT>/scripts_TOP100_revision/08_temporal_precedence/08c_resummarize_ecology_temporal_effects_TOP100.R",TRUE
"<PROJECT_ROOT>/scripts_TOP100_revision/09_JRA55/09c_compare_JRA55_ERA5_TOP100.py",TRUE
"<PROJECT_ROOT>/scripts_TOP100_revision/11_uncertainty/08_top_boundary_uncertainty.R",TRUE
"<PROJECT_ROOT>/scripts_TOP100_revision/11_uncertainty/11_build_lat5_monthly_and_uncertainty.R",TRUE
"<PROJECT_ROOT>/scripts_TOP100_revision/12_field_significance/12b_precip_BH_BY_field_significance_TOP100.py",TRUE
"<PROJECT_ROOT>/scripts_TOP100_revision/13_incremental_value/13a_precip_wetdry_increment_TOP100.R",TRUE
"<PROJECT_ROOT>/scripts_TOP100_revision/13_incremental_value/13b_ecology_increment_TOP100.R",TRUE
"<PROJECT_ROOT>/scripts_TOP100_revision/13_incremental_value/13c_ENSO_increment_TOP100.R",TRUE
"<PROJECT_ROOT>/scripts_TOP100_revision/14_plot_main_figures/14e_Figure1d_spatial_correlation_uncertainty_TOP100.R",TRUE
"<PROJECT_ROOT>/scripts_TOP100_revision/14_plot_main_figures/14b_build_Figure1_TOP100_adapter.R",TRUE
"<PROJECT_ROOT>/scripts_TOP100_revision/14_plot_main_figures/14f_build_Figure2_TOP100_adapter.R",TRUE
"<PROJECT_ROOT>/scripts_TOP100_revision/14_plot_main_figures/14g_build_Figure3_TOP100_adapter.R",TRUE
"<PROJECT_ROOT>/CANONICAL_WGPE_TOP100_v2/07_SCRIPTS/00_compute_fig1_exact_spatial_block_ci.R",TRUE
"<PROJECT_ROOT>/CANONICAL_WGPE_TOP100_v2/07_SCRIPTS/04_fig2e_pooled_and_bootstrap.R",TRUE
"<PROJECT_ROOT>/CANONICAL_WGPE_TOP100_v2/07_SCRIPTS/06_fig3f_common_grid_summary.R",TRUE
"<PROJECT_ROOT>/CANONICAL_WGPE_TOP100_v2/07_SCRIPTS/07_fig2e_fully_nested_preprocessing_sensitivity.R",TRUE
"<PROJECT_ROOT>/CANONICAL_WGPE_TOP100_v2/07_SCRIPTS/08_wetdry_spatiotemporal_bootstrap.R",TRUE
"<PROJECT_ROOT>/CANONICAL_WGPE_TOP100_v2/07_SCRIPTS/08b_finalize_wetdry_spatiotemporal_bootstrap.R",TRUE
"<PROJECT_ROOT>/CANONICAL_WGPE_TOP100_v2/07_SCRIPTS/09_main_trend_uncertainty_concentrated.R",TRUE
"<PROJECT_ROOT>/CANONICAL_WGPE_TOP100_v2/07_SCRIPTS/LAI_coverage_sensitivity_FULL.R",TRUE
