panel_id,result_id,metric,target,predictor,model,domain,region,latitude_bin,estimate,lower95,upper95,p,q,significance_class,n_grid,source_sheet,source_file,preprocessing,coordinate_alignment,source_provenance_file
Fig2a,TOP100V2X030001,area-weighted mean Pearson r,,,formal TOP100 final,all-valid common TOP100 grid,Global,,0.433143120274808,,,,,,65160,,<PROJECT_ROOT>/output_TOP100_revision/results/precip_wetdry/Fig2a_deseasoned_only_TOP100/Fig2a_WGPE_precip_correlation_summary_TOP100.csv,calendar-month deseasonalized and grid-cell linearly detrended,explicit longitude/latitude coordinate match to canonical TOP100 grid,<PROJECT_ROOT>\CANONICAL_WGPE_TOP100_v2\03_SOURCE_DATA\Fig2a_source.csv
Fig2a,TOP100V2X030002,area-weighted mean Pearson r,,,formal TOP100 final,all-valid common TOP100 grid,S high latitude,,0.486682112705416,,,,,,8640,,<PROJECT_ROOT>/output_TOP100_revision/results/precip_wetdry/Fig2a_deseasoned_only_TOP100/Fig2a_WGPE_precip_correlation_summary_TOP100.csv,calendar-month deseasonalized and grid-cell linearly detrended,explicit longitude/latitude coordinate match to canonical TOP100 grid,<PROJECT_ROOT>\CANONICAL_WGPE_TOP100_v2\03_SOURCE_DATA\Fig2a_source.csv
Fig2a,TOP100V2X030003,area-weighted mean Pearson r,,,formal TOP100 final,all-valid common TOP100 grid,S temperate,,0.323841180464451,,,,,,15480,,<PROJECT_ROOT>/output_TOP100_revision/results/precip_wetdry/Fig2a_deseasoned_only_TOP100/Fig2a_WGPE_precip_correlation_summary_TOP100.csv,calendar-month deseasonalized and grid-cell linearly detrended,explicit longitude/latitude coordinate match to canonical TOP100 grid,<PROJECT_ROOT>\CANONICAL_WGPE_TOP100_v2\03_SOURCE_DATA\Fig2a_source.csv
Fig2a,TOP100V2X030004,area-weighted mean Pearson r,,,formal TOP100 final,all-valid common TOP100 grid,Tropics,,0.578453368201398,,,,,,16920,,<PROJECT_ROOT>/output_TOP100_revision/results/precip_wetdry/Fig2a_deseasoned_only_TOP100/Fig2a_WGPE_precip_correlation_summary_TOP100.csv,calendar-month deseasonalized and grid-cell linearly detrended,explicit longitude/latitude coordinate match to canonical TOP100 grid,<PROJECT_ROOT>\CANONICAL_WGPE_TOP100_v2\03_SOURCE_DATA\Fig2a_source.csv
Fig2a,TOP100V2X030005,area-weighted mean Pearson r,,,formal TOP100 final,all-valid common TOP100 grid,N temperate,,0.341565790785919,,,,,,15480,,<PROJECT_ROOT>/output_TOP100_revision/results/precip_wetdry/Fig2a_deseasoned_only_TOP100/Fig2a_WGPE_precip_correlation_summary_TOP100.csv,calendar-month deseasonalized and grid-cell linearly detrended,explicit longitude/latitude coordinate match to canonical TOP100 grid,<PROJECT_ROOT>\CANONICAL_WGPE_TOP100_v2\03_SOURCE_DATA\Fig2a_source.csv
Fig2a,TOP100V2X030006,area-weighted mean Pearson r,,,formal TOP100 final,all-valid common TOP100 grid,N high latitude,,0.237668618889918,,,,,,8640,,<PROJECT_ROOT>/output_TOP100_revision/results/precip_wetdry/Fig2a_deseasoned_only_TOP100/Fig2a_WGPE_precip_correlation_summary_TOP100.csv,calendar-month deseasonalized and grid-cell linearly detrended,explicit longitude/latitude coordinate match to canonical TOP100 grid,<PROJECT_ROOT>\CANONICAL_WGPE_TOP100_v2\03_SOURCE_DATA\Fig2a_source.csv
Fig2a,TOP100V2X030007,area-weighted mean Pearson r,,,formal TOP100 final,all-valid common TOP100 grid,Global,,0.435148384012804,,,,,,65160,,<PROJECT_ROOT>/output_TOP100_revision/results/precip_wetdry/Fig2a_deseasoned_only_TOP100/Fig2a_WGPE_precip_correlation_summary_TOP100.csv,calendar-month deseasonalized and grid-cell linearly detrended,explicit longitude/latitude coordinate match to canonical TOP100 grid,<PROJECT_ROOT>\CANONICAL_WGPE_TOP100_v2\03_SOURCE_DATA\Fig2a_source.csv
Fig2a,TOP100V2X030008,area-weighted mean Pearson r,,,formal TOP100 final,all-valid common TOP100 grid,S high latitude,,0.486820812643902,,,,,,8640,,<PROJECT_ROOT>/output_TOP100_revision/results/precip_wetdry/Fig2a_deseasoned_only_TOP100/Fig2a_WGPE_precip_correlation_summary_TOP100.csv,calendar-month deseasonalized and grid-cell linearly detrended,explicit longitude/latitude coordinate match to canonical TOP100 grid,<PROJECT_ROOT>\CANONICAL_WGPE_TOP100_v2\03_SOURCE_DATA\Fig2a_source.csv
Fig2a,TOP100V2X030009,area-weighted mean Pearson r,,,formal TOP100 final,all-valid common TOP100 grid,S temperate,,0.322974715757004,,,,,,15480,,<PROJECT_ROOT>/output_TOP100_revision/results/precip_wetdry/Fig2a_deseasoned_only_TOP100/Fig2a_WGPE_precip_correlation_summary_TOP100.csv,calendar-month deseasonalized and grid-cell linearly detrended,explicit longitude/latitude coordinate match to canonical TOP100 grid,<PROJECT_ROOT>\CANONICAL_WGPE_TOP100_v2\03_SOURCE_DATA\Fig2a_source.csv
Fig2a,TOP100V2X030010,area-weighted mean Pearson r,,,formal TOP100 final,all-valid common TOP100 grid,Tropics,,0.582533356474092,,,,,,16920,,<PROJECT_ROOT>/output_TOP100_revision/results/precip_wetdry/Fig2a_deseasoned_only_TOP100/Fig2a_WGPE_precip_correlation_summary_TOP100.csv,calendar-month deseasonalized and grid-cell linearly detrended,explicit longitude/latitude coordinate match to canonical TOP100 grid,<PROJECT_ROOT>\CANONICAL_WGPE_TOP100_v2\03_SOURCE_DATA\Fig2a_source.csv
Fig2a,TOP100V2X030011,area-weighted mean Pearson r,,,formal TOP100 final,all-valid common TOP100 grid,N temperate,,0.345404998252634,,,,,,15480,,<PROJECT_ROOT>/output_TOP100_revision/results/precip_wetdry/Fig2a_deseasoned_only_TOP100/Fig2a_WGPE_precip_correlation_summary_TOP100.csv,calendar-month deseasonalized and grid-cell linearly detrended,explicit longitude/latitude coordinate match to canonical TOP100 grid,<PROJECT_ROOT>\CANONICAL_WGPE_TOP100_v2\03_SOURCE_DATA\Fig2a_source.csv
Fig2a,TOP100V2X030012,area-weighted mean Pearson r,,,formal TOP100 final,all-valid common TOP100 grid,N high latitude,,0.228070376328984,,,,,,8640,,<PROJECT_ROOT>/output_TOP100_revision/results/precip_wetdry/Fig2a_deseasoned_only_TOP100/Fig2a_WGPE_precip_correlation_summary_TOP100.csv,calendar-month deseasonalized and grid-cell linearly detrended,explicit longitude/latitude coordinate match to canonical TOP100 grid,<PROJECT_ROOT>\CANONICAL_WGPE_TOP100_v2\03_SOURCE_DATA\Fig2a_source.csv
