panel_id,result_id,metric,target,predictor,model,domain,region,latitude_bin,estimate,lower95,upper95,p,q,significance_class,n_grid,source_sheet,source_file
Fig2d,TOP100V2X050001,IWV_channel,,,formal TOP100 final,all-valid common TOP100 grid,Global,,9065.59745236828,3418.5091864242,14220.0067137654,,,,,,<PROJECT_ROOT>/output_TOP100_revision/results/ENSO/ONI_standard_TOP100/03_absolute_results/ENSO_ONIstandard_absolute_channel_decomposition.csv
Fig2d,TOP100V2X050002,actual,,,formal TOP100 final,all-valid common TOP100 grid,Global,,11723.9052689687,3933.04825304531,19244.5344359887,,,,,,<PROJECT_ROOT>/output_TOP100_revision/results/ENSO/ONI_standard_TOP100/03_absolute_results/ENSO_ONIstandard_absolute_channel_decomposition.csv
Fig2d,TOP100V2X050003,interaction_channel,,,formal TOP100 final,all-valid common TOP100 grid,Global,,577.042907215633,85.3183186796576,1309.59777415265,,,,,,<PROJECT_ROOT>/output_TOP100_revision/results/ENSO/ONI_standard_TOP100/03_absolute_results/ENSO_ONIstandard_absolute_channel_decomposition.csv
Fig2d,TOP100V2X050004,z_channel,,,formal TOP100 final,all-valid common TOP100 grid,Global,,2081.26490938483,-606.493554365148,4449.59152998395,,,,,,<PROJECT_ROOT>/output_TOP100_revision/results/ENSO/ONI_standard_TOP100/03_absolute_results/ENSO_ONIstandard_absolute_channel_decomposition.csv
Fig2d,TOP100V2X050005,IWV_channel,,,formal TOP100 final,all-valid common TOP100 grid,N high latitude,,-77.8579012506934,-2448.14649874756,2006.5660752784,,,,,,<PROJECT_ROOT>/output_TOP100_revision/results/ENSO/ONI_standard_TOP100/03_absolute_results/ENSO_ONIstandard_absolute_channel_decomposition.csv
Fig2d,TOP100V2X050006,actual,,,formal TOP100 final,all-valid common TOP100 grid,N high latitude,,68.4302965435314,-2439.47560636965,2415.14024106617,,,,,,<PROJECT_ROOT>/output_TOP100_revision/results/ENSO/ONI_standard_TOP100/03_absolute_results/ENSO_ONIstandard_absolute_channel_decomposition.csv
Fig2d,TOP100V2X050007,interaction_channel,,,formal TOP100 final,all-valid common TOP100 grid,N high latitude,,28.4988968175536,-61.7302567736663,97.3259075579279,,,,,,<PROJECT_ROOT>/output_TOP100_revision/results/ENSO/ONI_standard_TOP100/03_absolute_results/ENSO_ONIstandard_absolute_channel_decomposition.csv
Fig2d,TOP100V2X050008,z_channel,,,formal TOP100 final,all-valid common TOP100 grid,N high latitude,,117.789300976671,-479.502025299854,781.29823728393,,,,,,<PROJECT_ROOT>/output_TOP100_revision/results/ENSO/ONI_standard_TOP100/03_absolute_results/ENSO_ONIstandard_absolute_channel_decomposition.csv
Fig2d,TOP100V2X050009,IWV_channel,,,formal TOP100 final,all-valid common TOP100 grid,N temperate,,5256.68890276274,1191.43705750359,9091.91429491345,,,,,,<PROJECT_ROOT>/output_TOP100_revision/results/ENSO/ONI_standard_TOP100/03_absolute_results/ENSO_ONIstandard_absolute_channel_decomposition.csv
Fig2d,TOP100V2X050010,actual,,,formal TOP100 final,all-valid common TOP100 grid,N temperate,,5100.13612818021,161.027784269023,9673.40218852406,,,,,,<PROJECT_ROOT>/output_TOP100_revision/results/ENSO/ONI_standard_TOP100/03_absolute_results/ENSO_ONIstandard_absolute_channel_decomposition.csv
Fig2d,TOP100V2X050011,interaction_channel,,,formal TOP100 final,all-valid common TOP100 grid,N temperate,,-58.9791925973277,-153.779563528391,35.6692049927825,,,,,,<PROJECT_ROOT>/output_TOP100_revision/results/ENSO/ONI_standard_TOP100/03_absolute_results/ENSO_ONIstandard_absolute_channel_decomposition.csv
Fig2d,TOP100V2X050012,z_channel,,,formal TOP100 final,all-valid common TOP100 grid,N temperate,,-97.573581985197,-1521.56972075547,1309.77398993289,,,,,,<PROJECT_ROOT>/output_TOP100_revision/results/ENSO/ONI_standard_TOP100/03_absolute_results/ENSO_ONIstandard_absolute_channel_decomposition.csv
Fig2d,TOP100V2X050013,IWV_channel,,,formal TOP100 final,all-valid common TOP100 grid,S high latitude,,2760.68535902696,916.002483063444,4864.13110428189,,,,,,<PROJECT_ROOT>/output_TOP100_revision/results/ENSO/ONI_standard_TOP100/03_absolute_results/ENSO_ONIstandard_absolute_channel_decomposition.csv
Fig2d,TOP100V2X050014,actual,,,formal TOP100 final,all-valid common TOP100 grid,S high latitude,,3492.01841717841,1294.32466996694,6055.39091720773,,,,,,<PROJECT_ROOT>/output_TOP100_revision/results/ENSO/ONI_standard_TOP100/03_absolute_results/ENSO_ONIstandard_absolute_channel_decomposition.csv
Fig2d,TOP100V2X050015,interaction_channel,,,formal TOP100 final,all-valid common TOP100 grid,S high latitude,,20.0243068156103,-9.21647553292591,55.4773968044,,,,,,<PROJECT_ROOT>/output_TOP100_revision/results/ENSO/ONI_standard_TOP100/03_absolute_results/ENSO_ONIstandard_absolute_channel_decomposition.csv
Fig2d,TOP100V2X050016,z_channel,,,formal TOP100 final,all-valid common TOP100 grid,S high latitude,,711.308751335842,226.347888254401,1243.88137428502,,,,,,<PROJECT_ROOT>/output_TOP100_revision/results/ENSO/ONI_standard_TOP100/03_absolute_results/ENSO_ONIstandard_absolute_channel_decomposition.csv
Fig2d,TOP100V2X050017,IWV_channel,,,formal TOP100 final,all-valid common TOP100 grid,S temperate,,-583.414471138148,-5190.84085282601,3862.19804547713,,,,,,<PROJECT_ROOT>/output_TOP100_revision/results/ENSO/ONI_standard_TOP100/03_absolute_results/ENSO_ONIstandard_absolute_channel_decomposition.csv
Fig2d,TOP100V2X050018,actual,,,formal TOP100 final,all-valid common TOP100 grid,S temperate,,1355.86465592988,-5118.03042000439,7350.3525476971,,,,,,<PROJECT_ROOT>/output_TOP100_revision/results/ENSO/ONI_standard_TOP100/03_absolute_results/ENSO_ONIstandard_absolute_channel_decomposition.csv
Fig2d,TOP100V2X050019,interaction_channel,,,formal TOP100 final,all-valid common TOP100 grid,S temperate,,46.6482022453438,-108.89316574857,231.906278635495,,,,,,<PROJECT_ROOT>/output_TOP100_revision/results/ENSO/ONI_standard_TOP100/03_absolute_results/ENSO_ONIstandard_absolute_channel_decomposition.csv
Fig2d,TOP100V2X050020,z_channel,,,formal TOP100 final,all-valid common TOP100 grid,S temperate,,1892.63092482269,-390.965638044118,4009.79911681008,,,,,,<PROJECT_ROOT>/output_TOP100_revision/results/ENSO/ONI_standard_TOP100/03_absolute_results/ENSO_ONIstandard_absolute_channel_decomposition.csv
Fig2d,TOP100V2X050021,IWV_channel,,,formal TOP100 final,all-valid common TOP100 grid,Tropics,,19418.0812017306,8884.00211262997,30101.4105427072,,,,,,<PROJECT_ROOT>/output_TOP100_revision/results/ENSO/ONI_standard_TOP100/03_absolute_results/ENSO_ONIstandard_absolute_channel_decomposition.csv
Fig2d,TOP100V2X050022,actual,,,formal TOP100 final,all-valid common TOP100 grid,Tropics,,24834.5829776933,8763.05258996864,42103.624641187,,,,,,<PROJECT_ROOT>/output_TOP100_revision/results/ENSO/ONI_standard_TOP100/03_absolute_results/ENSO_ONIstandard_absolute_channel_decomposition.csv
Fig2d,TOP100V2X050023,interaction_channel,,,formal TOP100 final,all-valid common TOP100 grid,Tropics,,1450.04789380361,277.601519448947,3261.44930148195,,,,,,<PROJECT_ROOT>/output_TOP100_revision/results/ENSO/ONI_standard_TOP100/03_absolute_results/ENSO_ONIstandard_absolute_channel_decomposition.csv
Fig2d,TOP100V2X050024,z_channel,,,formal TOP100 final,all-valid common TOP100 grid,Tropics,,3966.45388215908,-1939.76244310501,10218.6864526024,,,,,,<PROJECT_ROOT>/output_TOP100_revision/results/ENSO/ONI_standard_TOP100/03_absolute_results/ENSO_ONIstandard_absolute_channel_decomposition.csv
