"metric","value","source_file","source_sha256"
"grid_month_mean_absolute_difference_m",8.22727456333718e-05,"<PROJECT_ROOT>/CANONICAL_WGPE_TOP100_v2/03_SOURCE_DATA/PROVENANCE_INPUTS/SCIENTIFIC_RESOLUTION_v2.1.4/FIG1_CANONICAL_BRIDGE_SUMMARY.csv","a416367fc227a04153935509cdc822759b0a731d21bcf58d0f704191115d5d70"
"grid_month_max_absolute_difference_m",0.00142617035089643,"<PROJECT_ROOT>/CANONICAL_WGPE_TOP100_v2/03_SOURCE_DATA/PROVENANCE_INPUTS/SCIENTIFIC_RESOLUTION_v2.1.4/FIG1_CANONICAL_BRIDGE_SUMMARY.csv","a416367fc227a04153935509cdc822759b0a731d21bcf58d0f704191115d5d70"
"grid_month_RMSE_m",0.000114696497149151,"<PROJECT_ROOT>/CANONICAL_WGPE_TOP100_v2/03_SOURCE_DATA/PROVENANCE_INPUTS/SCIENTIFIC_RESOLUTION_v2.1.4/FIG1_CANONICAL_BRIDGE_SUMMARY.csv","a416367fc227a04153935509cdc822759b0a731d21bcf58d0f704191115d5d70"
"grid_month_mean_bias_m",3.79535499964537e-05,"<PROJECT_ROOT>/CANONICAL_WGPE_TOP100_v2/03_SOURCE_DATA/PROVENANCE_INPUTS/SCIENTIFIC_RESOLUTION_v2.1.4/FIG1_CANONICAL_BRIDGE_SUMMARY.csv","a416367fc227a04153935509cdc822759b0a731d21bcf58d0f704191115d5d70"
"global_monthly_correlation",0.999999999999909,"<PROJECT_ROOT>/CANONICAL_WGPE_TOP100_v2/03_SOURCE_DATA/PROVENANCE_INPUTS/SCIENTIFIC_RESOLUTION_v2.1.4/FIG1_CANONICAL_BRIDGE_SUMMARY.csv","a416367fc227a04153935509cdc822759b0a731d21bcf58d0f704191115d5d70"
"trend_map_correlation",0.999999999999962,"<PROJECT_ROOT>/CANONICAL_WGPE_TOP100_v2/03_SOURCE_DATA/PROVENANCE_INPUTS/SCIENTIFIC_RESOLUTION_v2.1.4/FIG1_CANONICAL_BRIDGE_SUMMARY.csv","a416367fc227a04153935509cdc822759b0a731d21bcf58d0f704191115d5d70"
"global_reconstructed_trend_m_yr",0.819478462869554,"<PROJECT_ROOT>/CANONICAL_WGPE_TOP100_v2/03_SOURCE_DATA/PROVENANCE_INPUTS/SCIENTIFIC_RESOLUTION_v2.1.4/FIG1_CANONICAL_BRIDGE_SUMMARY.csv","a416367fc227a04153935509cdc822759b0a731d21bcf58d0f704191115d5d70"
"global_canonical_trend_m_yr",0.819478444957561,"<PROJECT_ROOT>/CANONICAL_WGPE_TOP100_v2/03_SOURCE_DATA/PROVENANCE_INPUTS/SCIENTIFIC_RESOLUTION_v2.1.4/FIG1_CANONICAL_BRIDGE_SUMMARY.csv","a416367fc227a04153935509cdc822759b0a731d21bcf58d0f704191115d5d70"
"global_trend_difference_m_yr",1.79119923338078e-08,"<PROJECT_ROOT>/CANONICAL_WGPE_TOP100_v2/03_SOURCE_DATA/PROVENANCE_INPUTS/SCIENTIFIC_RESOLUTION_v2.1.4/FIG1_CANONICAL_BRIDGE_SUMMARY.csv","a416367fc227a04153935509cdc822759b0a731d21bcf58d0f704191115d5d70"
"grid_trend_RMSE_m_yr",3.4096547726965e-07,"<PROJECT_ROOT>/CANONICAL_WGPE_TOP100_v2/03_SOURCE_DATA/PROVENANCE_INPUTS/SCIENTIFIC_RESOLUTION_v2.1.4/FIG1_CANONICAL_BRIDGE_SUMMARY.csv","a416367fc227a04153935509cdc822759b0a731d21bcf58d0f704191115d5d70"
"grid_trend_max_absolute_difference_m_yr",2.69365204863536e-06,"<PROJECT_ROOT>/CANONICAL_WGPE_TOP100_v2/03_SOURCE_DATA/PROVENANCE_INPUTS/SCIENTIFIC_RESOLUTION_v2.1.4/FIG1_CANONICAL_BRIDGE_SUMMARY.csv","a416367fc227a04153935509cdc822759b0a731d21bcf58d0f704191115d5d70"
