"target","method","class","area_fraction_pct","n_grid","source_file","source_sha256"
"GPP","F","forward-only",7.67225221581619,17877,"<PROJECT_ROOT>/CANONICAL_WGPE_TOP100_v2/03_SOURCE_DATA/PROVENANCE_INPUTS/SCIENTIFIC_RESOLUTION_v2.1.4/FIG3F_LAG3_F_HAC_SUMMARY.csv","5b7ac8c0069b4d0dfac1ad4f65dc2723c1d04c373e5b800d0a74d59017a31919"
"GPP","F","reverse-only",1.63131717167083,17877,"<PROJECT_ROOT>/CANONICAL_WGPE_TOP100_v2/03_SOURCE_DATA/PROVENANCE_INPUTS/SCIENTIFIC_RESOLUTION_v2.1.4/FIG3F_LAG3_F_HAC_SUMMARY.csv","5b7ac8c0069b4d0dfac1ad4f65dc2723c1d04c373e5b800d0a74d59017a31919"
"GPP","F","bidirectional",0.112405798868067,17877,"<PROJECT_ROOT>/CANONICAL_WGPE_TOP100_v2/03_SOURCE_DATA/PROVENANCE_INPUTS/SCIENTIFIC_RESOLUTION_v2.1.4/FIG3F_LAG3_F_HAC_SUMMARY.csv","5b7ac8c0069b4d0dfac1ad4f65dc2723c1d04c373e5b800d0a74d59017a31919"
"GPP","F","none",90.5840248136449,17877,"<PROJECT_ROOT>/CANONICAL_WGPE_TOP100_v2/03_SOURCE_DATA/PROVENANCE_INPUTS/SCIENTIFIC_RESOLUTION_v2.1.4/FIG3F_LAG3_F_HAC_SUMMARY.csv","5b7ac8c0069b4d0dfac1ad4f65dc2723c1d04c373e5b800d0a74d59017a31919"
"GPP","HAC3","forward-only",8.09836261350089,17877,"<PROJECT_ROOT>/CANONICAL_WGPE_TOP100_v2/03_SOURCE_DATA/PROVENANCE_INPUTS/SCIENTIFIC_RESOLUTION_v2.1.4/FIG3F_LAG3_F_HAC_SUMMARY.csv","5b7ac8c0069b4d0dfac1ad4f65dc2723c1d04c373e5b800d0a74d59017a31919"
"GPP","HAC3","reverse-only",1.34213901136736,17877,"<PROJECT_ROOT>/CANONICAL_WGPE_TOP100_v2/03_SOURCE_DATA/PROVENANCE_INPUTS/SCIENTIFIC_RESOLUTION_v2.1.4/FIG3F_LAG3_F_HAC_SUMMARY.csv","5b7ac8c0069b4d0dfac1ad4f65dc2723c1d04c373e5b800d0a74d59017a31919"
"GPP","HAC3","bidirectional",0.0653842462035516,17877,"<PROJECT_ROOT>/CANONICAL_WGPE_TOP100_v2/03_SOURCE_DATA/PROVENANCE_INPUTS/SCIENTIFIC_RESOLUTION_v2.1.4/FIG3F_LAG3_F_HAC_SUMMARY.csv","5b7ac8c0069b4d0dfac1ad4f65dc2723c1d04c373e5b800d0a74d59017a31919"
"GPP","HAC3","none",90.4941141289282,17877,"<PROJECT_ROOT>/CANONICAL_WGPE_TOP100_v2/03_SOURCE_DATA/PROVENANCE_INPUTS/SCIENTIFIC_RESOLUTION_v2.1.4/FIG3F_LAG3_F_HAC_SUMMARY.csv","5b7ac8c0069b4d0dfac1ad4f65dc2723c1d04c373e5b800d0a74d59017a31919"
"GPP","F_vs_HAC3","agreement",94.4337449713985,17877,"<PROJECT_ROOT>/CANONICAL_WGPE_TOP100_v2/03_SOURCE_DATA/PROVENANCE_INPUTS/SCIENTIFIC_RESOLUTION_v2.1.4/FIG3F_LAG3_F_HAC_SUMMARY.csv","5b7ac8c0069b4d0dfac1ad4f65dc2723c1d04c373e5b800d0a74d59017a31919"
"GPP","HAC12","forward-only",13.9696027328498,17877,"<PROJECT_ROOT>/CANONICAL_WGPE_TOP100_v2/03_SOURCE_DATA/PROVENANCE_INPUTS/SCIENTIFIC_RESOLUTION_v2.1.4/FIG3F_LAG3_F_HAC_SUMMARY.csv","5b7ac8c0069b4d0dfac1ad4f65dc2723c1d04c373e5b800d0a74d59017a31919"
"GPP","HAC12","reverse-only",3.61177401814657,17877,"<PROJECT_ROOT>/CANONICAL_WGPE_TOP100_v2/03_SOURCE_DATA/PROVENANCE_INPUTS/SCIENTIFIC_RESOLUTION_v2.1.4/FIG3F_LAG3_F_HAC_SUMMARY.csv","5b7ac8c0069b4d0dfac1ad4f65dc2723c1d04c373e5b800d0a74d59017a31919"
"GPP","HAC12","bidirectional",0.454334039721123,17877,"<PROJECT_ROOT>/CANONICAL_WGPE_TOP100_v2/03_SOURCE_DATA/PROVENANCE_INPUTS/SCIENTIFIC_RESOLUTION_v2.1.4/FIG3F_LAG3_F_HAC_SUMMARY.csv","5b7ac8c0069b4d0dfac1ad4f65dc2723c1d04c373e5b800d0a74d59017a31919"
"GPP","HAC12","none",81.9642892092825,17877,"<PROJECT_ROOT>/CANONICAL_WGPE_TOP100_v2/03_SOURCE_DATA/PROVENANCE_INPUTS/SCIENTIFIC_RESOLUTION_v2.1.4/FIG3F_LAG3_F_HAC_SUMMARY.csv","5b7ac8c0069b4d0dfac1ad4f65dc2723c1d04c373e5b800d0a74d59017a31919"
"GPP","F_vs_HAC12","agreement",87.9457976879412,17877,"<PROJECT_ROOT>/CANONICAL_WGPE_TOP100_v2/03_SOURCE_DATA/PROVENANCE_INPUTS/SCIENTIFIC_RESOLUTION_v2.1.4/FIG3F_LAG3_F_HAC_SUMMARY.csv","5b7ac8c0069b4d0dfac1ad4f65dc2723c1d04c373e5b800d0a74d59017a31919"
"LAI","F","forward-only",0.0715651654474156,5828,"<PROJECT_ROOT>/CANONICAL_WGPE_TOP100_v2/03_SOURCE_DATA/PROVENANCE_INPUTS/SCIENTIFIC_RESOLUTION_v2.1.4/FIG3F_LAG3_F_HAC_SUMMARY.csv","5b7ac8c0069b4d0dfac1ad4f65dc2723c1d04c373e5b800d0a74d59017a31919"
"LAI","F","reverse-only",0.0212968974776277,5828,"<PROJECT_ROOT>/CANONICAL_WGPE_TOP100_v2/03_SOURCE_DATA/PROVENANCE_INPUTS/SCIENTIFIC_RESOLUTION_v2.1.4/FIG3F_LAG3_F_HAC_SUMMARY.csv","5b7ac8c0069b4d0dfac1ad4f65dc2723c1d04c373e5b800d0a74d59017a31919"
"LAI","F","bidirectional",0,5828,"<PROJECT_ROOT>/CANONICAL_WGPE_TOP100_v2/03_SOURCE_DATA/PROVENANCE_INPUTS/SCIENTIFIC_RESOLUTION_v2.1.4/FIG3F_LAG3_F_HAC_SUMMARY.csv","5b7ac8c0069b4d0dfac1ad4f65dc2723c1d04c373e5b800d0a74d59017a31919"
"LAI","F","none",99.9071379370749,5828,"<PROJECT_ROOT>/CANONICAL_WGPE_TOP100_v2/03_SOURCE_DATA/PROVENANCE_INPUTS/SCIENTIFIC_RESOLUTION_v2.1.4/FIG3F_LAG3_F_HAC_SUMMARY.csv","5b7ac8c0069b4d0dfac1ad4f65dc2723c1d04c373e5b800d0a74d59017a31919"
"LAI","HAC3","forward-only",0.298694647691011,5828,"<PROJECT_ROOT>/CANONICAL_WGPE_TOP100_v2/03_SOURCE_DATA/PROVENANCE_INPUTS/SCIENTIFIC_RESOLUTION_v2.1.4/FIG3F_LAG3_F_HAC_SUMMARY.csv","5b7ac8c0069b4d0dfac1ad4f65dc2723c1d04c373e5b800d0a74d59017a31919"
"LAI","HAC3","reverse-only",0.704883330754268,5828,"<PROJECT_ROOT>/CANONICAL_WGPE_TOP100_v2/03_SOURCE_DATA/PROVENANCE_INPUTS/SCIENTIFIC_RESOLUTION_v2.1.4/FIG3F_LAG3_F_HAC_SUMMARY.csv","5b7ac8c0069b4d0dfac1ad4f65dc2723c1d04c373e5b800d0a74d59017a31919"
"LAI","HAC3","bidirectional",0,5828,"<PROJECT_ROOT>/CANONICAL_WGPE_TOP100_v2/03_SOURCE_DATA/PROVENANCE_INPUTS/SCIENTIFIC_RESOLUTION_v2.1.4/FIG3F_LAG3_F_HAC_SUMMARY.csv","5b7ac8c0069b4d0dfac1ad4f65dc2723c1d04c373e5b800d0a74d59017a31919"
"LAI","HAC3","none",98.9964220215547,5828,"<PROJECT_ROOT>/CANONICAL_WGPE_TOP100_v2/03_SOURCE_DATA/PROVENANCE_INPUTS/SCIENTIFIC_RESOLUTION_v2.1.4/FIG3F_LAG3_F_HAC_SUMMARY.csv","5b7ac8c0069b4d0dfac1ad4f65dc2723c1d04c373e5b800d0a74d59017a31919"
"LAI","F_vs_HAC3","agreement",98.9461537535849,5828,"<PROJECT_ROOT>/CANONICAL_WGPE_TOP100_v2/03_SOURCE_DATA/PROVENANCE_INPUTS/SCIENTIFIC_RESOLUTION_v2.1.4/FIG3F_LAG3_F_HAC_SUMMARY.csv","5b7ac8c0069b4d0dfac1ad4f65dc2723c1d04c373e5b800d0a74d59017a31919"
"LAI","HAC12","forward-only",3.04217417485578,5828,"<PROJECT_ROOT>/CANONICAL_WGPE_TOP100_v2/03_SOURCE_DATA/PROVENANCE_INPUTS/SCIENTIFIC_RESOLUTION_v2.1.4/FIG3F_LAG3_F_HAC_SUMMARY.csv","5b7ac8c0069b4d0dfac1ad4f65dc2723c1d04c373e5b800d0a74d59017a31919"
"LAI","HAC12","reverse-only",8.21916153474219,5828,"<PROJECT_ROOT>/CANONICAL_WGPE_TOP100_v2/03_SOURCE_DATA/PROVENANCE_INPUTS/SCIENTIFIC_RESOLUTION_v2.1.4/FIG3F_LAG3_F_HAC_SUMMARY.csv","5b7ac8c0069b4d0dfac1ad4f65dc2723c1d04c373e5b800d0a74d59017a31919"
"LAI","HAC12","bidirectional",0.441886485261998,5828,"<PROJECT_ROOT>/CANONICAL_WGPE_TOP100_v2/03_SOURCE_DATA/PROVENANCE_INPUTS/SCIENTIFIC_RESOLUTION_v2.1.4/FIG3F_LAG3_F_HAC_SUMMARY.csv","5b7ac8c0069b4d0dfac1ad4f65dc2723c1d04c373e5b800d0a74d59017a31919"
"LAI","HAC12","none",88.29677780514,5828,"<PROJECT_ROOT>/CANONICAL_WGPE_TOP100_v2/03_SOURCE_DATA/PROVENANCE_INPUTS/SCIENTIFIC_RESOLUTION_v2.1.4/FIG3F_LAG3_F_HAC_SUMMARY.csv","5b7ac8c0069b4d0dfac1ad4f65dc2723c1d04c373e5b800d0a74d59017a31919"
"LAI","F_vs_HAC12","agreement",88.3122300396751,5828,"<PROJECT_ROOT>/CANONICAL_WGPE_TOP100_v2/03_SOURCE_DATA/PROVENANCE_INPUTS/SCIENTIFIC_RESOLUTION_v2.1.4/FIG3F_LAG3_F_HAC_SUMMARY.csv","5b7ac8c0069b4d0dfac1ad4f65dc2723c1d04c373e5b800d0a74d59017a31919"
