target,comparison,region,n_grid,weighted_mean_delta_r2,spatial_lower95,spatial_upper95,temporal_fold_mean,temporal_lower95,temporal_upper95,weighted_median_delta_r2,positive_increment_area_pct,negative_increment_area_pct,relative_rmse_reduction_pct,n_spatial_blocks,n_temporal_folds,B,spatial_uncertainty,temporal_sensitivity
Precipitation,M1-M0,N high latitude,8640,0.0434673954061565,0.0362172340405747,0.0513627877664339,0.0432444864137991,0.0378108810433207,0.04846444358071,0.0229633602854444,80.8520937704634,19.1479062295366,2.48885186349371,144,10,2000,paired 10x10-degree spatial-block bootstrap,paired resampling of the 10 ordered outer-fold estimates
Precipitation,M2-M0,N high latitude,8640,0.0411322614242007,0.0331856701238779,0.0497368454722437,0.0402368918716338,0.0353515929834386,0.0451581111432231,0.0210240317929292,77.8941862237417,22.1058137762583,2.37164935542376,144,10,2000,paired 10x10-degree spatial-block bootstrap,paired resampling of the 10 ordered outer-fold estimates
Precipitation,M3-M0,N high latitude,8640,0.0489241686702157,0.0396615821322519,0.0580700173029244,0.048106691559417,0.0409570437442279,0.0555239133385098,0.0202064880583694,74.0804561083109,25.9195438916891,2.7924358250359,144,10,2000,paired 10x10-degree spatial-block bootstrap,paired resampling of the 10 ordered outer-fold estimates
Precipitation,M1-M0,N temperate,15480,0.0292657741495041,0.0247392768889268,0.0342294346660785,0.0296551842199527,0.0283677518100408,0.030906327495618,0.0157032930066247,80.5631619735687,19.4368380264313,1.7850690480256,180,10,2000,paired 10x10-degree spatial-block bootstrap,paired resampling of the 10 ordered outer-fold estimates
Precipitation,M2-M0,N temperate,15480,0.0295243136808806,0.024213299570942,0.0345089330530509,0.0271260197223256,0.0228465767625208,0.0300195501336692,0.0159076415444601,77.5708315431217,22.4291684568783,1.81783054849627,180,10,2000,paired 10x10-degree spatial-block bootstrap,paired resampling of the 10 ordered outer-fold estimates
Precipitation,M3-M0,N temperate,15480,0.035170259330827,0.0300383717102351,0.0405859884201564,0.0348363716035628,0.0330894164640521,0.0365351191043832,0.0202117523168962,79.2762525100279,20.7237474899721,2.17724178268314,180,10,2000,paired 10x10-degree spatial-block bootstrap,paired resampling of the 10 ordered outer-fold estimates
Precipitation,M1-M0,Tropics,16920,0.0098483741114397,0.0078550972389147,0.0120566127686513,0.0091032221870141,0.0066038427212675,0.0117671297173499,0.0029163622834923,66.2955851550056,33.7044148449944,0.684504078667539,216,10,2000,paired 10x10-degree spatial-block bootstrap,paired resampling of the 10 ordered outer-fold estimates
Precipitation,M2-M0,Tropics,16920,0.0245623682234137,0.0215441910547497,0.027774144450061,0.0240878480941552,0.0205354075014315,0.0278711794895552,0.0147855554292439,84.4263067554965,15.5736932445035,2.26002791874449,216,10,2000,paired 10x10-degree spatial-block bootstrap,paired resampling of the 10 ordered outer-fold estimates
Precipitation,M3-M0,Tropics,16920,0.0362073056633668,0.032828249643191,0.0398033859376294,0.035445229873618,0.0290570783737266,0.0418126534367406,0.0267980232277699,86.6077384743597,13.3922615256403,2.99807896184366,216,10,2000,paired 10x10-degree spatial-block bootstrap,paired resampling of the 10 ordered outer-fold estimates
Precipitation,M1-M0,S temperate,15480,0.0182418252778089,0.0152622971530849,0.0213770867726553,0.0182446293949568,0.0163695331996097,0.0197193171415561,0.0082496126771343,73.8471044262482,26.1528955737518,1.08479166545848,180,10,2000,paired 10x10-degree spatial-block bootstrap,paired resampling of the 10 ordered outer-fold estimates
Precipitation,M2-M0,S temperate,15480,0.0184487719504487,0.0154914061915681,0.0215649893285657,0.0172263009252605,0.0136683624820228,0.0195943940590066,0.0097258580592589,74.2252109837541,25.7747890162459,1.0995797483157,180,10,2000,paired 10x10-degree spatial-block bootstrap,paired resampling of the 10 ordered outer-fold estimates
Precipitation,M3-M0,S temperate,15480,0.0187798420772092,0.0157407179556713,0.022031162639012,0.0186703454806412,0.0164328959245916,0.0204851536980539,0.0090143572236964,74.4872498347367,25.5127501652633,1.13580697488136,180,10,2000,paired 10x10-degree spatial-block bootstrap,paired resampling of the 10 ordered outer-fold estimates
Precipitation,M1-M0,S high latitude,8640,0.050786088270889,0.0440037974768226,0.0579629940406108,0.0526547302160237,0.0454442019129331,0.060111792048519,0.0371817898950572,93.457560000573,6.542439999427,3.64232937957218,108,10,2000,paired 10x10-degree spatial-block bootstrap,paired resampling of the 10 ordered outer-fold estimates
Precipitation,M2-M0,S high latitude,8640,0.0532533859966665,0.0460544384047463,0.0608534694503874,0.0534156587760514,0.0458146112198936,0.0612236138719725,0.0388593093094335,89.5424551591113,10.4575448408887,3.8415663443239,108,10,2000,paired 10x10-degree spatial-block bootstrap,paired resampling of the 10 ordered outer-fold estimates
Precipitation,M3-M0,S high latitude,8640,0.0471288377984512,0.0411731191737079,0.0532629837167473,0.0475680189985285,0.0416312536220879,0.0541679044756955,0.0354652568932533,93.3681491919439,6.63185080805613,3.35775723421699,108,10,2000,paired 10x10-degree spatial-block bootstrap,paired resampling of the 10 ordered outer-fold estimates
Continuous Nino3.4,M1-M0,N high latitude,8640,-0.0035015625370941,-0.0039426087676518,-0.0030178066108068,-0.0039224235388118,-0.005929875476369,-0.0020833028918584,-0.0040616308395984,10.7845246320777,89.2154753679223,-0.174181953409204,144,10,2000,paired 10x10-degree spatial-block bootstrap,paired resampling of the 10 ordered outer-fold estimates
Continuous Nino3.4,M2-M0,N high latitude,8640,-0.0050516071070373,-0.0057599986653799,-0.0043434042722862,-0.0065180774595696,-0.0087324164906706,-0.0043623629878597,-0.0053808617815642,13.8020942810098,86.1979057189902,-0.251144201902033,144,10,2000,paired 10x10-degree spatial-block bootstrap,paired resampling of the 10 ordered outer-fold estimates
Continuous Nino3.4,M3-M0,N high latitude,8640,-0.002065900835796,-0.0023522521258148,-0.0017529716854501,-0.0030711433581522,-0.0048151645313056,-0.0014845414384641,-0.0023267676868034,12.2141434287342,87.7858565712658,-0.102855036395673,144,10,2000,paired 10x10-degree spatial-block bootstrap,paired resampling of the 10 ordered outer-fold estimates
Continuous Nino3.4,M1-M0,N temperate,15480,0.0081386745183698,0.0059164599372085,0.010515869764309,0.0110186412059593,0.0064494306130718,0.0162894099513321,0.0008471338735789,52.9738945428684,47.0261054571316,0.415928882453264,180,10,2000,paired 10x10-degree spatial-block bootstrap,paired resampling of the 10 ordered outer-fold estimates
Continuous Nino3.4,M2-M0,N temperate,15480,0.006236057028121,0.0039430873356927,0.008641784752155,0.0085464128475154,0.0038374757120065,0.0138315660659988,-0.0001193290611088,49.6442373996446,50.3557626003554,0.320438265124608,180,10,2000,paired 10x10-degree spatial-block bootstrap,paired resampling of the 10 ordered outer-fold estimates
Continuous Nino3.4,M3-M0,N temperate,15480,0.0041623509628414,0.0025235737005057,0.0059406137054694,0.0048639011741574,0.0023223480055119,0.0066861541516215,-0.0008126981663245,45.0217073939388,54.9782926060612,0.212434899781489,180,10,2000,paired 10x10-degree spatial-block bootstrap,paired resampling of the 10 ordered outer-fold estimates
Continuous Nino3.4,M1-M0,Tropics,16920,0.0286784023003899,0.0226790309698649,0.0351157880783141,0.0343282864716185,0.0240668224344382,0.044605807915077,0.0086854722073607,66.3218585786628,33.6781414213372,1.65066758164658,216,10,2000,paired 10x10-degree spatial-block bootstrap,paired resampling of the 10 ordered outer-fold estimates
Continuous Nino3.4,M2-M0,Tropics,16920,0.030246218196613,0.024334196637628,0.0366667337920164,0.0355213525627913,0.0234868840663127,0.0471807486862395,0.0113721572069198,67.0800116710735,32.9199883289265,1.74674265813892,216,10,2000,paired 10x10-degree spatial-block bootstrap,paired resampling of the 10 ordered outer-fold estimates
Continuous Nino3.4,M3-M0,Tropics,16920,0.0233544156035125,0.0185802680746386,0.0288453353504776,0.0271715986216997,0.0199637950172755,0.0341374129942626,0.0066708435455615,63.8878789983051,36.1121210016949,1.34926862706134,216,10,2000,paired 10x10-degree spatial-block bootstrap,paired resampling of the 10 ordered outer-fold estimates
Continuous Nino3.4,M1-M0,S temperate,15480,0.0219070442292729,0.0171046542505049,0.0270990471128769,0.0238544570684755,0.016752162399259,0.0301931289489181,0.0080955828364661,66.5442761141021,33.4557238858979,1.14997780282324,180,10,2000,paired 10x10-degree spatial-block bootstrap,paired resampling of the 10 ordered outer-fold estimates
Continuous Nino3.4,M2-M0,S temperate,15480,0.0206602710041135,0.0156487358411191,0.0256760852199611,0.022055597849423,0.0153463250504833,0.0278989931482479,0.0079027623973591,65.574545266309,34.425454733691,1.08884344125052,180,10,2000,paired 10x10-degree spatial-block bootstrap,paired resampling of the 10 ordered outer-fold estimates
Continuous Nino3.4,M3-M0,S temperate,15480,0.0205761581778076,0.0159252851000678,0.0255390144902379,0.0240502082333933,0.0175000363768202,0.0307001489831798,0.0061475211676126,64.1536528366416,35.8463471633584,1.07679984622401,180,10,2000,paired 10x10-degree spatial-block bootstrap,paired resampling of the 10 ordered outer-fold estimates
Continuous Nino3.4,M1-M0,S high latitude,8640,5.99426900222238e-06,-0.0014659064725688,0.0015928500391716,0.0010649428005417,-0.0038203030134204,0.006238576172364,-0.0027446425731246,26.6999410429124,73.3000589570876,0.002100597934305,108,10,2000,paired 10x10-degree spatial-block bootstrap,paired resampling of the 10 ordered outer-fold estimates
Continuous Nino3.4,M2-M0,S high latitude,8640,-0.0027637353396807,-0.0044098386845299,-0.0009239466714855,-0.0021141282202266,-0.0082357988005824,0.0041421508035135,-0.0049582502323033,23.3827943938889,76.6172056061111,-0.13606942912505,108,10,2000,paired 10x10-degree spatial-block bootstrap,paired resampling of the 10 ordered outer-fold estimates
Continuous Nino3.4,M3-M0,S high latitude,8640,-3.58584258825587e-05,-0.0017115558207421,0.001825854428067,0.0004190403128058,-0.0049138014174302,0.0051543489167979,-0.0028080917844052,31.0751702002312,68.9248297997688,0.0005633524241741,108,10,2000,paired 10x10-degree spatial-block bootstrap,paired resampling of the 10 ordered outer-fold estimates
