"target","comparison","region","n_grid","weighted_mean_delta_r2","weighted_median_delta_r2","q25","q75","positive_area_pct","negative_area_pct","weighted_mean_rmse_improvement","relative_rmse_reduction_pct","source_file","source_sha256"
"Precipitation","M1-M0","N high latitude",8640,0.043179990072759,0.0225063960972842,0.00293198744401446,0.0717421227993468,81.4279468716587,18.5720531283413,0.023347703788761,2.46060250112553,"<PROJECT_ROOT>/CANONICAL_WGPE_TOP100_v2/03_SOURCE_DATA/PROVENANCE_INPUTS/SCIENTIFIC_RESOLUTION_v2.1.4/FIG2E_FINAL_RESOLUTION_SUMMARY.csv","6c35db8f672ce9c41662456b1e8a68de6e8f55649721f461422039a8e1fdbdb7"
"Precipitation","M2-M0","N high latitude",8640,0.0401858493626966,0.0202084348124029,0.00164764058230793,0.0677705862127118,77.5923835687052,22.4076164312948,0.0218262684387795,2.30690987063423,"<PROJECT_ROOT>/CANONICAL_WGPE_TOP100_v2/03_SOURCE_DATA/PROVENANCE_INPUTS/SCIENTIFIC_RESOLUTION_v2.1.4/FIG2E_FINAL_RESOLUTION_SUMMARY.csv","6c35db8f672ce9c41662456b1e8a68de6e8f55649721f461422039a8e1fdbdb7"
"Precipitation","M3-M0","N high latitude",8640,0.0492850641701391,0.0208917322313978,-0.000325855145196674,0.0786065524902833,74.2529090163688,25.7470909836312,0.0267314465920084,2.79919306050842,"<PROJECT_ROOT>/CANONICAL_WGPE_TOP100_v2/03_SOURCE_DATA/PROVENANCE_INPUTS/SCIENTIFIC_RESOLUTION_v2.1.4/FIG2E_FINAL_RESOLUTION_SUMMARY.csv","6c35db8f672ce9c41662456b1e8a68de6e8f55649721f461422039a8e1fdbdb7"
"Precipitation","M1-M0","N temperate",15480,0.0296202597751046,0.015842647307836,0.00209560876532766,0.0407165694877807,80.9292190319748,19.0707809680252,0.016495565856467,1.79813211028652,"<PROJECT_ROOT>/CANONICAL_WGPE_TOP100_v2/03_SOURCE_DATA/PROVENANCE_INPUTS/SCIENTIFIC_RESOLUTION_v2.1.4/FIG2E_FINAL_RESOLUTION_SUMMARY.csv","6c35db8f672ce9c41662456b1e8a68de6e8f55649721f461422039a8e1fdbdb7"
"Precipitation","M2-M0","N temperate",15480,0.0295964903980277,0.0160750023417788,0.000846884848077267,0.0417241306205837,77.0120561019697,22.9879438980303,0.0165752481812705,1.81277435025005,"<PROJECT_ROOT>/CANONICAL_WGPE_TOP100_v2/03_SOURCE_DATA/PROVENANCE_INPUTS/SCIENTIFIC_RESOLUTION_v2.1.4/FIG2E_FINAL_RESOLUTION_SUMMARY.csv","6c35db8f672ce9c41662456b1e8a68de6e8f55649721f461422039a8e1fdbdb7"
"Precipitation","M3-M0","N temperate",15480,0.0356131346506003,0.0205419010222069,0.00228885053259331,0.0554747360497492,79.6197624442976,20.3802375557024,0.0200045281107424,2.19453305708696,"<PROJECT_ROOT>/CANONICAL_WGPE_TOP100_v2/03_SOURCE_DATA/PROVENANCE_INPUTS/SCIENTIFIC_RESOLUTION_v2.1.4/FIG2E_FINAL_RESOLUTION_SUMMARY.csv","6c35db8f672ce9c41662456b1e8a68de6e8f55649721f461422039a8e1fdbdb7"
"Precipitation","M1-M0","Tropics",16920,0.0101702385419345,0.00294534098941934,-0.000761180799368155,0.0117203231264968,67.4709887212847,32.5290112787153,0.00597483702046185,0.700092297174063,"<PROJECT_ROOT>/CANONICAL_WGPE_TOP100_v2/03_SOURCE_DATA/PROVENANCE_INPUTS/SCIENTIFIC_RESOLUTION_v2.1.4/FIG2E_FINAL_RESOLUTION_SUMMARY.csv","6c35db8f672ce9c41662456b1e8a68de6e8f55649721f461422039a8e1fdbdb7"
"Precipitation","M2-M0","Tropics",16920,0.0240656477155673,0.0143760101502692,0.00300221148495994,0.0314864713266391,82.2182934642118,17.7817065357882,0.0164980456500585,2.22517237096458,"<PROJECT_ROOT>/CANONICAL_WGPE_TOP100_v2/03_SOURCE_DATA/PROVENANCE_INPUTS/SCIENTIFIC_RESOLUTION_v2.1.4/FIG2E_FINAL_RESOLUTION_SUMMARY.csv","6c35db8f672ce9c41662456b1e8a68de6e8f55649721f461422039a8e1fdbdb7"
"Precipitation","M3-M0","Tropics",16920,0.0365351378663005,0.0268570737551233,0.0073320586772665,0.0552459360359302,87.0251644994026,12.9748355005974,0.0235855558336783,3.00867348446483,"<PROJECT_ROOT>/CANONICAL_WGPE_TOP100_v2/03_SOURCE_DATA/PROVENANCE_INPUTS/SCIENTIFIC_RESOLUTION_v2.1.4/FIG2E_FINAL_RESOLUTION_SUMMARY.csv","6c35db8f672ce9c41662456b1e8a68de6e8f55649721f461422039a8e1fdbdb7"
"Precipitation","M1-M0","S temperate",15480,0.018497909417609,0.00834839260477327,-7.33327684341312e-05,0.0271633820566798,74.6589462039204,25.3410537960796,0.0101245393144589,1.09708049470301,"<PROJECT_ROOT>/CANONICAL_WGPE_TOP100_v2/03_SOURCE_DATA/PROVENANCE_INPUTS/SCIENTIFIC_RESOLUTION_v2.1.4/FIG2E_FINAL_RESOLUTION_SUMMARY.csv","6c35db8f672ce9c41662456b1e8a68de6e8f55649721f461422039a8e1fdbdb7"
"Precipitation","M2-M0","S temperate",15480,0.0187634305960562,0.00997902647792559,-2.6444222000821e-05,0.028728239583942,74.8600674031014,25.1399325968986,0.0102787826480956,1.11461427296222,"<PROJECT_ROOT>/CANONICAL_WGPE_TOP100_v2/03_SOURCE_DATA/PROVENANCE_INPUTS/SCIENTIFIC_RESOLUTION_v2.1.4/FIG2E_FINAL_RESOLUTION_SUMMARY.csv","6c35db8f672ce9c41662456b1e8a68de6e8f55649721f461422039a8e1fdbdb7"
"Precipitation","M3-M0","S temperate",15480,0.0190281291872392,0.00919040231625967,4.43844077649969e-05,0.027480624601859,75.1566106013347,24.8433893986653,0.0105047496240493,1.14748110843871,"<PROJECT_ROOT>/CANONICAL_WGPE_TOP100_v2/03_SOURCE_DATA/PROVENANCE_INPUTS/SCIENTIFIC_RESOLUTION_v2.1.4/FIG2E_FINAL_RESOLUTION_SUMMARY.csv","6c35db8f672ce9c41662456b1e8a68de6e8f55649721f461422039a8e1fdbdb7"
"Precipitation","M1-M0","S high latitude",8640,0.0509973281205765,0.0374611748422086,0.0120348256561547,0.0751584505266569,93.5812040049993,6.4187959950007,0.0309604202585228,3.66042574242608,"<PROJECT_ROOT>/CANONICAL_WGPE_TOP100_v2/03_SOURCE_DATA/PROVENANCE_INPUTS/SCIENTIFIC_RESOLUTION_v2.1.4/FIG2E_FINAL_RESOLUTION_SUMMARY.csv","6c35db8f672ce9c41662456b1e8a68de6e8f55649721f461422039a8e1fdbdb7"
"Precipitation","M2-M0","S high latitude",8640,0.0532304287280487,0.0392047935722019,0.0107252610476331,0.0794931578825268,88.8973898686179,11.1026101313821,0.0324701812810206,3.84170442043189,"<PROJECT_ROOT>/CANONICAL_WGPE_TOP100_v2/03_SOURCE_DATA/PROVENANCE_INPUTS/SCIENTIFIC_RESOLUTION_v2.1.4/FIG2E_FINAL_RESOLUTION_SUMMARY.csv","6c35db8f672ce9c41662456b1e8a68de6e8f55649721f461422039a8e1fdbdb7"
"Precipitation","M3-M0","S high latitude",8640,0.0473652336459916,0.0356623759938746,0.0117169783372013,0.0679320588806426,93.5521977569183,6.44780224308172,0.0286011057785636,3.3761095101867,"<PROJECT_ROOT>/CANONICAL_WGPE_TOP100_v2/03_SOURCE_DATA/PROVENANCE_INPUTS/SCIENTIFIC_RESOLUTION_v2.1.4/FIG2E_FINAL_RESOLUTION_SUMMARY.csv","6c35db8f672ce9c41662456b1e8a68de6e8f55649721f461422039a8e1fdbdb7"
"Continuous Nino3.4","M1-M0","N high latitude",8640,-0.00337242787067934,-0.00399646841723045,-0.00538105665020461,-0.00201199951220143,11.2443106256676,88.7556893743324,-0.00166294002128325,-0.164559460863521,"<PROJECT_ROOT>/CANONICAL_WGPE_TOP100_v2/03_SOURCE_DATA/PROVENANCE_INPUTS/SCIENTIFIC_RESOLUTION_v2.1.4/FIG2E_FINAL_RESOLUTION_SUMMARY.csv","6c35db8f672ce9c41662456b1e8a68de6e8f55649721f461422039a8e1fdbdb7"
"Continuous Nino3.4","M2-M0","N high latitude",8640,-0.00478892270364,-0.00507323252483549,-0.00791220592655928,-0.00241403808149654,13.9435893629287,86.0564106370713,-0.00236012017441751,-0.233589235026685,"<PROJECT_ROOT>/CANONICAL_WGPE_TOP100_v2/03_SOURCE_DATA/PROVENANCE_INPUTS/SCIENTIFIC_RESOLUTION_v2.1.4/FIG2E_FINAL_RESOLUTION_SUMMARY.csv","6c35db8f672ce9c41662456b1e8a68de6e8f55649721f461422039a8e1fdbdb7"
"Continuous Nino3.4","M3-M0","N high latitude",8640,-0.0020126680866011,-0.00228421039324278,-0.00330687773928107,-0.00119035479195984,12.1767666066618,87.8232333933382,-0.00099308880758196,-0.0982925994200611,"<PROJECT_ROOT>/CANONICAL_WGPE_TOP100_v2/03_SOURCE_DATA/PROVENANCE_INPUTS/SCIENTIFIC_RESOLUTION_v2.1.4/FIG2E_FINAL_RESOLUTION_SUMMARY.csv","6c35db8f672ce9c41662456b1e8a68de6e8f55649721f461422039a8e1fdbdb7"
"Continuous Nino3.4","M1-M0","N temperate",15480,0.00870997837239256,0.00104822622646394,-0.00346520829054509,0.0140853804386689,53.6876983391885,46.3123016608115,0.00438445921251787,0.436575537151267,"<PROJECT_ROOT>/CANONICAL_WGPE_TOP100_v2/03_SOURCE_DATA/PROVENANCE_INPUTS/SCIENTIFIC_RESOLUTION_v2.1.4/FIG2E_FINAL_RESOLUTION_SUMMARY.csv","6c35db8f672ce9c41662456b1e8a68de6e8f55649721f461422039a8e1fdbdb7"
"Continuous Nino3.4","M2-M0","N temperate",15480,0.00678704030375207,0.000236297839694588,-0.00591488380381544,0.0129847600314434,50.5904802317007,49.4095197682992,0.0034302331424696,0.341917036640558,"<PROJECT_ROOT>/CANONICAL_WGPE_TOP100_v2/03_SOURCE_DATA/PROVENANCE_INPUTS/SCIENTIFIC_RESOLUTION_v2.1.4/FIG2E_FINAL_RESOLUTION_SUMMARY.csv","6c35db8f672ce9c41662456b1e8a68de6e8f55649721f461422039a8e1fdbdb7"
"Continuous Nino3.4","M3-M0","N temperate",15480,0.0045776091619033,-0.000670718554455885,-0.00335967986559615,0.00720197370849451,45.7809119472742,54.2190880527258,0.00230112306208146,0.228923243178301,"<PROJECT_ROOT>/CANONICAL_WGPE_TOP100_v2/03_SOURCE_DATA/PROVENANCE_INPUTS/SCIENTIFIC_RESOLUTION_v2.1.4/FIG2E_FINAL_RESOLUTION_SUMMARY.csv","6c35db8f672ce9c41662456b1e8a68de6e8f55649721f461422039a8e1fdbdb7"
"Continuous Nino3.4","M1-M0","Tropics",16920,0.0297746567047681,0.00951340367366749,-0.00222282635313464,0.0409572537364419,67.3037991233352,32.6962008766648,0.0160651298692812,1.68555944784747,"<PROJECT_ROOT>/CANONICAL_WGPE_TOP100_v2/03_SOURCE_DATA/PROVENANCE_INPUTS/SCIENTIFIC_RESOLUTION_v2.1.4/FIG2E_FINAL_RESOLUTION_SUMMARY.csv","6c35db8f672ce9c41662456b1e8a68de6e8f55649721f461422039a8e1fdbdb7"
"Continuous Nino3.4","M2-M0","Tropics",16920,0.0313722233657442,0.0125609978557457,-0.00286061072936494,0.0458947005940816,68.3028355832984,31.6971644167016,0.0169467009358537,1.78189831600302,"<PROJECT_ROOT>/CANONICAL_WGPE_TOP100_v2/03_SOURCE_DATA/PROVENANCE_INPUTS/SCIENTIFIC_RESOLUTION_v2.1.4/FIG2E_FINAL_RESOLUTION_SUMMARY.csv","6c35db8f672ce9c41662456b1e8a68de6e8f55649721f461422039a8e1fdbdb7"
"Continuous Nino3.4","M3-M0","Tropics",16920,0.0246046680662771,0.00753512211073992,-0.00255651622477016,0.0339696668507274,65.1185551781637,34.8814448218363,0.0132854211086729,1.40177526233415,"<PROJECT_ROOT>/CANONICAL_WGPE_TOP100_v2/03_SOURCE_DATA/PROVENANCE_INPUTS/SCIENTIFIC_RESOLUTION_v2.1.4/FIG2E_FINAL_RESOLUTION_SUMMARY.csv","6c35db8f672ce9c41662456b1e8a68de6e8f55649721f461422039a8e1fdbdb7"
"Continuous Nino3.4","M1-M0","S temperate",15480,0.0232164895286356,0.00864541994100576,-0.00202783990119393,0.0322617416199877,67.1734509731821,32.8265490268179,0.0119024948821054,1.1956175677326,"<PROJECT_ROOT>/CANONICAL_WGPE_TOP100_v2/03_SOURCE_DATA/PROVENANCE_INPUTS/SCIENTIFIC_RESOLUTION_v2.1.4/FIG2E_FINAL_RESOLUTION_SUMMARY.csv","6c35db8f672ce9c41662456b1e8a68de6e8f55649721f461422039a8e1fdbdb7"
"Continuous Nino3.4","M2-M0","S temperate",15480,0.0221522731431712,0.0085819385185677,-0.0032868070747194,0.0321423438000227,66.5899198953575,33.4100801046425,0.0113800414312807,1.14493573724836,"<PROJECT_ROOT>/CANONICAL_WGPE_TOP100_v2/03_SOURCE_DATA/PROVENANCE_INPUTS/SCIENTIFIC_RESOLUTION_v2.1.4/FIG2E_FINAL_RESOLUTION_SUMMARY.csv","6c35db8f672ce9c41662456b1e8a68de6e8f55649721f461422039a8e1fdbdb7"
"Continuous Nino3.4","M3-M0","S temperate",15480,0.021804786352083,0.00673062034350735,-0.00244755947361064,0.0305829552757245,64.6329321837865,35.3670678162135,0.011162002739342,1.11957368965512,"<PROJECT_ROOT>/CANONICAL_WGPE_TOP100_v2/03_SOURCE_DATA/PROVENANCE_INPUTS/SCIENTIFIC_RESOLUTION_v2.1.4/FIG2E_FINAL_RESOLUTION_SUMMARY.csv","6c35db8f672ce9c41662456b1e8a68de6e8f55649721f461422039a8e1fdbdb7"
"Continuous Nino3.4","M1-M0","S high latitude",8640,0.000185941078828182,-0.00254761435763218,-0.00493035001489428,0.000722146269591661,28.502359401313,71.497640598687,0.000106561745342833,0.0108118268029431,"<PROJECT_ROOT>/CANONICAL_WGPE_TOP100_v2/03_SOURCE_DATA/PROVENANCE_INPUTS/SCIENTIFIC_RESOLUTION_v2.1.4/FIG2E_FINAL_RESOLUTION_SUMMARY.csv","6c35db8f672ce9c41662456b1e8a68de6e8f55649721f461422039a8e1fdbdb7"
"Continuous Nino3.4","M2-M0","S high latitude",8640,-0.00252526064123341,-0.00483634775808373,-0.00842906430666202,-0.000266094652270565,24.333598626018,75.666401373982,-0.00123187131364118,-0.121846277333542,"<PROJECT_ROOT>/CANONICAL_WGPE_TOP100_v2/03_SOURCE_DATA/PROVENANCE_INPUTS/SCIENTIFIC_RESOLUTION_v2.1.4/FIG2E_FINAL_RESOLUTION_SUMMARY.csv","6c35db8f672ce9c41662456b1e8a68de6e8f55649721f461422039a8e1fdbdb7"
"Continuous Nino3.4","M3-M0","S high latitude",8640,7.16462007896581e-05,-0.00255927452495919,-0.0059556565188017,0.00176668490589837,32.1670468674488,67.8329531325512,5.39423453517061e-05,0.00568796084126218,"<PROJECT_ROOT>/CANONICAL_WGPE_TOP100_v2/03_SOURCE_DATA/PROVENANCE_INPUTS/SCIENTIFIC_RESOLUTION_v2.1.4/FIG2E_FINAL_RESOLUTION_SUMMARY.csv","6c35db8f672ce9c41662456b1e8a68de6e8f55649721f461422039a8e1fdbdb7"
