target,region,comparison,equal_duration_fold_mean,temporal_lower95,temporal_upper95,n_equal_duration_folds,months_per_fold,excluded_from_interval,terminal_holdout_retained_in_pooled_oof,bootstrap_replicates,seed,method
Precipitation,Global,M1-M0,0.0205533322920098,0.0193510392464307,0.0218293657971924,9,60,fold 10 (2024; 12 months),True,2000,20260726,paired bootstrap resampling of the nine equal-duration 1979-2023 outer-fold estimates
Precipitation,Global,M2-M0,0.0259262932124168,0.0243330171331849,0.0276027598341725,9,60,fold 10 (2024; 12 months),True,2000,20260727,paired bootstrap resampling of the nine equal-duration 1979-2023 outer-fold estimates
Precipitation,Global,M3-M0,0.0327747989824197,0.0299635205258024,0.0356192647894225,9,60,fold 10 (2024; 12 months),True,2000,20260728,paired bootstrap resampling of the nine equal-duration 1979-2023 outer-fold estimates
Precipitation,N high latitude,M1-M0,0.0445555681662665,0.0392984909076865,0.0495916380479572,9,60,fold 10 (2024; 12 months),True,2000,20260729,paired bootstrap resampling of the nine equal-duration 1979-2023 outer-fold estimates
Precipitation,N high latitude,M2-M0,0.0417768397666142,0.0371303385729307,0.0465175425324123,9,60,fold 10 (2024; 12 months),True,2000,20260730,paired bootstrap resampling of the nine equal-duration 1979-2023 outer-fold estimates
Precipitation,N high latitude,M3-M0,0.0490526004428105,0.0410642566636131,0.0571938466221862,9,60,fold 10 (2024; 12 months),True,2000,20260731,paired bootstrap resampling of the nine equal-duration 1979-2023 outer-fold estimates
Precipitation,N temperate,M1-M0,0.029710671926186,0.0281749588924477,0.0311036190908863,9,60,fold 10 (2024; 12 months),True,2000,20260732,paired bootstrap resampling of the nine equal-duration 1979-2023 outer-fold estimates
Precipitation,N temperate,M2-M0,0.0290523873693311,0.027620827017821,0.0303969100887809,9,60,fold 10 (2024; 12 months),True,2000,20260733,paired bootstrap resampling of the nine equal-duration 1979-2023 outer-fold estimates
Precipitation,N temperate,M3-M0,0.035180279857747,0.0333615794659704,0.0367931631403348,9,60,fold 10 (2024; 12 months),True,2000,20260734,paired bootstrap resampling of the nine equal-duration 1979-2023 outer-fold estimates
Precipitation,Tropics,M1-M0,0.0099010906598965,0.0076697379234174,0.0124417524101565,9,60,fold 10 (2024; 12 months),True,2000,20260735,paired bootstrap resampling of the nine equal-duration 1979-2023 outer-fold estimates
Precipitation,Tropics,M2-M0,0.0240860107353662,0.0199605740248787,0.0281201144226334,9,60,fold 10 (2024; 12 months),True,2000,20260736,paired bootstrap resampling of the nine equal-duration 1979-2023 outer-fold estimates
Precipitation,Tropics,M3-M0,0.0366892823658817,0.0304740725136983,0.0433008821987865,9,60,fold 10 (2024; 12 months),True,2000,20260737,paired bootstrap resampling of the nine equal-duration 1979-2023 outer-fold estimates
Precipitation,S temperate,M1-M0,0.0190365704015725,0.018058476346616,0.0200607067250449,9,60,fold 10 (2024; 12 months),True,2000,20260738,paired bootstrap resampling of the nine equal-duration 1979-2023 outer-fold estimates
Precipitation,S temperate,M2-M0,0.0188277644952332,0.0176700999942668,0.0200080008226568,9,60,fold 10 (2024; 12 months),True,2000,20260739,paired bootstrap resampling of the nine equal-duration 1979-2023 outer-fold estimates
Precipitation,S temperate,M3-M0,0.0195277069075874,0.0183315314278243,0.0208566592255812,9,60,fold 10 (2024; 12 months),True,2000,20260740,paired bootstrap resampling of the nine equal-duration 1979-2023 outer-fold estimates
Precipitation,S high latitude,M1-M0,0.0512537044434078,0.0437519409980787,0.0595838852512287,9,60,fold 10 (2024; 12 months),True,2000,20260741,paired bootstrap resampling of the nine equal-duration 1979-2023 outer-fold estimates
Precipitation,S high latitude,M2-M0,0.0526149476026587,0.0446366734125789,0.0620157554261796,9,60,fold 10 (2024; 12 months),True,2000,20260742,paired bootstrap resampling of the nine equal-duration 1979-2023 outer-fold estimates
Precipitation,S high latitude,M3-M0,0.0466233847191597,0.0403028296776475,0.0541036751803015,9,60,fold 10 (2024; 12 months),True,2000,20260743,paired bootstrap resampling of the nine equal-duration 1979-2023 outer-fold estimates
Continuous Nino3.4,Global,M1-M0,0.0202841460620548,0.0150646113330489,0.0253881440029098,9,60,fold 10 (2024; 12 months),True,2000,20260744,paired bootstrap resampling of the nine equal-duration 1979-2023 outer-fold estimates
Continuous Nino3.4,Global,M2-M0,0.0192701078335207,0.0135221657199322,0.0246234227196805,9,60,fold 10 (2024; 12 months),True,2000,20260745,paired bootstrap resampling of the nine equal-duration 1979-2023 outer-fold estimates
Continuous Nino3.4,Global,M3-M0,0.0169114007722369,0.0128261139491414,0.0211432401671284,9,60,fold 10 (2024; 12 months),True,2000,20260746,paired bootstrap resampling of the nine equal-duration 1979-2023 outer-fold estimates
Continuous Nino3.4,N high latitude,M1-M0,-0.0042772136817923,-0.0063523365873616,-0.0023681134788322,9,60,fold 10 (2024; 12 months),True,2000,20260747,paired bootstrap resampling of the nine equal-duration 1979-2023 outer-fold estimates
Continuous Nino3.4,N high latitude,M2-M0,-0.0062081734741758,-0.0086389487706967,-0.0038958309352807,9,60,fold 10 (2024; 12 months),True,2000,20260748,paired bootstrap resampling of the nine equal-duration 1979-2023 outer-fold estimates
Continuous Nino3.4,N high latitude,M3-M0,-0.0024996887676405,-0.004104544188232,-0.0012463506776624,9,60,fold 10 (2024; 12 months),True,2000,20260749,paired bootstrap resampling of the nine equal-duration 1979-2023 outer-fold estimates
Continuous Nino3.4,N temperate,M1-M0,0.0088212424350358,0.0051878159899876,0.011571372722469,9,60,fold 10 (2024; 12 months),True,2000,20260750,paired bootstrap resampling of the nine equal-duration 1979-2023 outer-fold estimates
Continuous Nino3.4,N temperate,M2-M0,0.006346416450304,0.0025725337353241,0.0094336421743097,9,60,fold 10 (2024; 12 months),True,2000,20260751,paired bootstrap resampling of the nine equal-duration 1979-2023 outer-fold estimates
Continuous Nino3.4,N temperate,M3-M0,0.0047174981480265,0.0018239462135739,0.0067604754925907,9,60,fold 10 (2024; 12 months),True,2000,20260752,paired bootstrap resampling of the nine equal-duration 1979-2023 outer-fold estimates
Continuous Nino3.4,Tropics,M1-M0,0.030803646607878,0.021506979047326,0.0399021289891689,9,60,fold 10 (2024; 12 months),True,2000,20260753,paired bootstrap resampling of the nine equal-duration 1979-2023 outer-fold estimates
Continuous Nino3.4,Tropics,M2-M0,0.0314759433388358,0.021518794590629,0.040579983342918,9,60,fold 10 (2024; 12 months),True,2000,20260754,paired bootstrap resampling of the nine equal-duration 1979-2023 outer-fold estimates
Continuous Nino3.4,Tropics,M3-M0,0.0254280674487501,0.0182962745215597,0.032469124853481,9,60,fold 10 (2024; 12 months),True,2000,20260755,paired bootstrap resampling of the nine equal-duration 1979-2023 outer-fold estimates
Continuous Nino3.4,S temperate,M1-M0,0.0226888477257679,0.0149960840412629,0.0293181085703976,9,60,fold 10 (2024; 12 months),True,2000,20260756,paired bootstrap resampling of the nine equal-duration 1979-2023 outer-fold estimates
Continuous Nino3.4,S temperate,M2-M0,0.0210866004134196,0.0141076725530407,0.0272834498143052,9,60,fold 10 (2024; 12 months),True,2000,20260757,paired bootstrap resampling of the nine equal-duration 1979-2023 outer-fold estimates
Continuous Nino3.4,S temperate,M3-M0,0.0217556137546644,0.0163076977606285,0.0271603177502233,9,60,fold 10 (2024; 12 months),True,2000,20260758,paired bootstrap resampling of the nine equal-duration 1979-2023 outer-fold estimates
Continuous Nino3.4,S high latitude,M1-M0,0.0002829732687341,-0.0050700921329047,0.0058234185256632,9,60,fold 10 (2024; 12 months),True,2000,20260759,paired bootstrap resampling of the nine equal-duration 1979-2023 outer-fold estimates
Continuous Nino3.4,S high latitude,M2-M0,-0.0032257847786574,-0.0094590525370675,0.0032371260613786,9,60,fold 10 (2024; 12 months),True,2000,20260760,paired bootstrap resampling of the nine equal-duration 1979-2023 outer-fold estimates
Continuous Nino3.4,S high latitude,M3-M0,0.000344996025958,-0.0055461673981343,0.0059827474927121,9,60,fold 10 (2024; 12 months),True,2000,20260761,paired bootstrap resampling of the nine equal-duration 1979-2023 outer-fold estimates
