"reference","layer","mass_redistribution_m_yr","within_layer_mean_height_m_yr","higher_order_interaction_m_yr","exact_layer_total_m_yr","mass_share_pct","mean_height_share_pct","interaction_share_pct","canonical_actual_trend_m_yr","source_file","source_sha256"
"Reference_A","1000-850",-0.0730349268449199,0.0483501760693064,0.00119687280052415,-0.0234878779750893,310.947318963335,-205.851614694974,-5.09570426836146,0.819478462869554,"<PROJECT_ROOT>/CANONICAL_WGPE_TOP100_v2/03_SOURCE_DATA/PROVENANCE_INPUTS/SCIENTIFIC_RESOLUTION_v2.1.4/FIG1_REFERENCE_STATE_SENSITIVITY.csv","0f7bc0b2d82437a4f42baccebacbcce8e4404ecdf68d96c7a2a92dffbfc9be08"
"Reference_A","850-700",-0.0815515844157176,0.0744089189433454,0.000398997617029271,-0.00674366785534293,1209.30606555756,-1103.38943938931,-5.91662616825279,0.819478462869554,"<PROJECT_ROOT>/CANONICAL_WGPE_TOP100_v2/03_SOURCE_DATA/PROVENANCE_INPUTS/SCIENTIFIC_RESOLUTION_v2.1.4/FIG1_REFERENCE_STATE_SENSITIVITY.csv","0f7bc0b2d82437a4f42baccebacbcce8e4404ecdf68d96c7a2a92dffbfc9be08"
"Reference_A","700-500",0.329286964810667,0.0772596956537063,0.000409287980896336,0.406955948445269,80.9146459386259,18.9847810184047,0.100573042969387,0.819478462869554,"<PROJECT_ROOT>/CANONICAL_WGPE_TOP100_v2/03_SOURCE_DATA/PROVENANCE_INPUTS/SCIENTIFIC_RESOLUTION_v2.1.4/FIG1_REFERENCE_STATE_SENSITIVITY.csv","0f7bc0b2d82437a4f42baccebacbcce8e4404ecdf68d96c7a2a92dffbfc9be08"
"Reference_A","500-300",0.372236572638766,0.0300753402847099,0.000278083909284351,0.40258999683276,92.460462397777,7.47046387672755,0.0690737254954374,0.819478462869554,"<PROJECT_ROOT>/CANONICAL_WGPE_TOP100_v2/03_SOURCE_DATA/PROVENANCE_INPUTS/SCIENTIFIC_RESOLUTION_v2.1.4/FIG1_REFERENCE_STATE_SENSITIVITY.csv","0f7bc0b2d82437a4f42baccebacbcce8e4404ecdf68d96c7a2a92dffbfc9be08"
"Reference_A","300-100",0.0366877970181516,0.00319263850406093,0.000283165164470612,0.0401636006866831,91.3458863022608,7.94908436862209,0.705029329117146,0.819478462869554,"<PROJECT_ROOT>/CANONICAL_WGPE_TOP100_v2/03_SOURCE_DATA/PROVENANCE_INPUTS/SCIENTIFIC_RESOLUTION_v2.1.4/FIG1_REFERENCE_STATE_SENSITIVITY.csv","0f7bc0b2d82437a4f42baccebacbcce8e4404ecdf68d96c7a2a92dffbfc9be08"
"Reference_B","1000-850",-0.0761446706625737,0.0514259877804936,0.00016859931967382,-0.0245500835624062,310.160535580314,-209.473778978263,-0.686756602050827,0.819478462869554,"<PROJECT_ROOT>/CANONICAL_WGPE_TOP100_v2/03_SOURCE_DATA/PROVENANCE_INPUTS/SCIENTIFIC_RESOLUTION_v2.1.4/FIG1_REFERENCE_STATE_SENSITIVITY.csv","0f7bc0b2d82437a4f42baccebacbcce8e4404ecdf68d96c7a2a92dffbfc9be08"
"Reference_B","850-700",-0.0825278425933151,0.0750461302545272,0.000631718833188261,-0.00684999350559961,1204.7871655039,-1095.56498401319,-9.22218149071025,0.819478462869554,"<PROJECT_ROOT>/CANONICAL_WGPE_TOP100_v2/03_SOURCE_DATA/PROVENANCE_INPUTS/SCIENTIFIC_RESOLUTION_v2.1.4/FIG1_REFERENCE_STATE_SENSITIVITY.csv","0f7bc0b2d82437a4f42baccebacbcce8e4404ecdf68d96c7a2a92dffbfc9be08"
"Reference_B","700-500",0.329018469377044,0.0758683350043727,0.00206914406385224,0.406955948445269,80.8486694036599,18.6428863601133,0.50844423622684,0.819478462869554,"<PROJECT_ROOT>/CANONICAL_WGPE_TOP100_v2/03_SOURCE_DATA/PROVENANCE_INPUTS/SCIENTIFIC_RESOLUTION_v2.1.4/FIG1_REFERENCE_STATE_SENSITIVITY.csv","0f7bc0b2d82437a4f42baccebacbcce8e4404ecdf68d96c7a2a92dffbfc9be08"
"Reference_B","500-300",0.372100502661526,0.0294700952988374,0.00101939887239673,0.40258999683276,92.4266637494474,7.32012606639096,0.25321018416168,0.819478462869554,"<PROJECT_ROOT>/CANONICAL_WGPE_TOP100_v2/03_SOURCE_DATA/PROVENANCE_INPUTS/SCIENTIFIC_RESOLUTION_v2.1.4/FIG1_REFERENCE_STATE_SENSITIVITY.csv","0f7bc0b2d82437a4f42baccebacbcce8e4404ecdf68d96c7a2a92dffbfc9be08"
"Reference_B","300-100",0.0367411458479388,0.00313610389525646,0.00028635094348789,0.0401636006866831,91.4787151046467,7.80832356073165,0.712961334621659,0.819478462869554,"<PROJECT_ROOT>/CANONICAL_WGPE_TOP100_v2/03_SOURCE_DATA/PROVENANCE_INPUTS/SCIENTIFIC_RESOLUTION_v2.1.4/FIG1_REFERENCE_STATE_SENSITIVITY.csv","0f7bc0b2d82437a4f42baccebacbcce8e4404ecdf68d96c7a2a92dffbfc9be08"
"Reference_A","GLOBAL",0.583624823206947,0.233286769455129,0.00256640747220472,0.819478000134281,71.2190959502651,28.4677281656008,0.313175884134069,0.819478462869554,"<PROJECT_ROOT>/CANONICAL_WGPE_TOP100_v2/03_SOURCE_DATA/PROVENANCE_INPUTS/SCIENTIFIC_RESOLUTION_v2.1.4/FIG1_REFERENCE_STATE_SENSITIVITY.csv","0f7bc0b2d82437a4f42baccebacbcce8e4404ecdf68d96c7a2a92dffbfc9be08"
"Reference_B","GLOBAL",0.579187604630621,0.234946652233487,0.00417521203259894,0.818309468896707,70.7785534257004,28.7112224853339,0.510224088965781,0.819478462869554,"<PROJECT_ROOT>/CANONICAL_WGPE_TOP100_v2/03_SOURCE_DATA/PROVENANCE_INPUTS/SCIENTIFIC_RESOLUTION_v2.1.4/FIG1_REFERENCE_STATE_SENSITIVITY.csv","0f7bc0b2d82437a4f42baccebacbcce8e4404ecdf68d96c7a2a92dffbfc9be08"
