"target","method","class","area_fraction_pct","n_common_grid","source_file","source_sha256"
"GPP","F","forward-only",8.16482178978098,11960,"<PROJECT_ROOT>/CANONICAL_WGPE_TOP100_v2/03_SOURCE_DATA/PROVENANCE_INPUTS/SCIENTIFIC_RESOLUTION_v2.1.4/FIG3F_LAG3_COMMON_CV_GRID_CLASSIFICATION.csv","a30d8020a6dcb5a0426414859c87f9e26d29e9b31337db70e839381ddd1373f7"
"GPP","F","reverse-only",1.75304848142757,11960,"<PROJECT_ROOT>/CANONICAL_WGPE_TOP100_v2/03_SOURCE_DATA/PROVENANCE_INPUTS/SCIENTIFIC_RESOLUTION_v2.1.4/FIG3F_LAG3_COMMON_CV_GRID_CLASSIFICATION.csv","a30d8020a6dcb5a0426414859c87f9e26d29e9b31337db70e839381ddd1373f7"
"GPP","F","bidirectional",0.131947645445686,11960,"<PROJECT_ROOT>/CANONICAL_WGPE_TOP100_v2/03_SOURCE_DATA/PROVENANCE_INPUTS/SCIENTIFIC_RESOLUTION_v2.1.4/FIG3F_LAG3_COMMON_CV_GRID_CLASSIFICATION.csv","a30d8020a6dcb5a0426414859c87f9e26d29e9b31337db70e839381ddd1373f7"
"GPP","F","none",89.9501820833458,11960,"<PROJECT_ROOT>/CANONICAL_WGPE_TOP100_v2/03_SOURCE_DATA/PROVENANCE_INPUTS/SCIENTIFIC_RESOLUTION_v2.1.4/FIG3F_LAG3_COMMON_CV_GRID_CLASSIFICATION.csv","a30d8020a6dcb5a0426414859c87f9e26d29e9b31337db70e839381ddd1373f7"
"GPP","HAC3","forward-only",8.74630977858363,11960,"<PROJECT_ROOT>/CANONICAL_WGPE_TOP100_v2/03_SOURCE_DATA/PROVENANCE_INPUTS/SCIENTIFIC_RESOLUTION_v2.1.4/FIG3F_LAG3_COMMON_CV_GRID_CLASSIFICATION.csv","a30d8020a6dcb5a0426414859c87f9e26d29e9b31337db70e839381ddd1373f7"
"GPP","HAC3","reverse-only",1.27851436525058,11960,"<PROJECT_ROOT>/CANONICAL_WGPE_TOP100_v2/03_SOURCE_DATA/PROVENANCE_INPUTS/SCIENTIFIC_RESOLUTION_v2.1.4/FIG3F_LAG3_COMMON_CV_GRID_CLASSIFICATION.csv","a30d8020a6dcb5a0426414859c87f9e26d29e9b31337db70e839381ddd1373f7"
"GPP","HAC3","bidirectional",0.0345295860643299,11960,"<PROJECT_ROOT>/CANONICAL_WGPE_TOP100_v2/03_SOURCE_DATA/PROVENANCE_INPUTS/SCIENTIFIC_RESOLUTION_v2.1.4/FIG3F_LAG3_COMMON_CV_GRID_CLASSIFICATION.csv","a30d8020a6dcb5a0426414859c87f9e26d29e9b31337db70e839381ddd1373f7"
"GPP","HAC3","none",89.9406462701015,11960,"<PROJECT_ROOT>/CANONICAL_WGPE_TOP100_v2/03_SOURCE_DATA/PROVENANCE_INPUTS/SCIENTIFIC_RESOLUTION_v2.1.4/FIG3F_LAG3_COMMON_CV_GRID_CLASSIFICATION.csv","a30d8020a6dcb5a0426414859c87f9e26d29e9b31337db70e839381ddd1373f7"
"GPP","HAC12","forward-only",14.9204366072956,11960,"<PROJECT_ROOT>/CANONICAL_WGPE_TOP100_v2/03_SOURCE_DATA/PROVENANCE_INPUTS/SCIENTIFIC_RESOLUTION_v2.1.4/FIG3F_LAG3_COMMON_CV_GRID_CLASSIFICATION.csv","a30d8020a6dcb5a0426414859c87f9e26d29e9b31337db70e839381ddd1373f7"
"GPP","HAC12","reverse-only",3.75228850795528,11960,"<PROJECT_ROOT>/CANONICAL_WGPE_TOP100_v2/03_SOURCE_DATA/PROVENANCE_INPUTS/SCIENTIFIC_RESOLUTION_v2.1.4/FIG3F_LAG3_COMMON_CV_GRID_CLASSIFICATION.csv","a30d8020a6dcb5a0426414859c87f9e26d29e9b31337db70e839381ddd1373f7"
"GPP","HAC12","bidirectional",0.471231819080051,11960,"<PROJECT_ROOT>/CANONICAL_WGPE_TOP100_v2/03_SOURCE_DATA/PROVENANCE_INPUTS/SCIENTIFIC_RESOLUTION_v2.1.4/FIG3F_LAG3_COMMON_CV_GRID_CLASSIFICATION.csv","a30d8020a6dcb5a0426414859c87f9e26d29e9b31337db70e839381ddd1373f7"
"GPP","HAC12","none",80.8560430656691,11960,"<PROJECT_ROOT>/CANONICAL_WGPE_TOP100_v2/03_SOURCE_DATA/PROVENANCE_INPUTS/SCIENTIFIC_RESOLUTION_v2.1.4/FIG3F_LAG3_COMMON_CV_GRID_CLASSIFICATION.csv","a30d8020a6dcb5a0426414859c87f9e26d29e9b31337db70e839381ddd1373f7"
"LAI","F","forward-only",0.0958641206097917,3628,"<PROJECT_ROOT>/CANONICAL_WGPE_TOP100_v2/03_SOURCE_DATA/PROVENANCE_INPUTS/SCIENTIFIC_RESOLUTION_v2.1.4/FIG3F_LAG3_COMMON_CV_GRID_CLASSIFICATION.csv","a30d8020a6dcb5a0426414859c87f9e26d29e9b31337db70e839381ddd1373f7"
"LAI","F","reverse-only",0.0324378908405861,3628,"<PROJECT_ROOT>/CANONICAL_WGPE_TOP100_v2/03_SOURCE_DATA/PROVENANCE_INPUTS/SCIENTIFIC_RESOLUTION_v2.1.4/FIG3F_LAG3_COMMON_CV_GRID_CLASSIFICATION.csv","a30d8020a6dcb5a0426414859c87f9e26d29e9b31337db70e839381ddd1373f7"
"LAI","F","bidirectional",0,3628,"<PROJECT_ROOT>/CANONICAL_WGPE_TOP100_v2/03_SOURCE_DATA/PROVENANCE_INPUTS/SCIENTIFIC_RESOLUTION_v2.1.4/FIG3F_LAG3_COMMON_CV_GRID_CLASSIFICATION.csv","a30d8020a6dcb5a0426414859c87f9e26d29e9b31337db70e839381ddd1373f7"
"LAI","F","none",99.8716979885496,3628,"<PROJECT_ROOT>/CANONICAL_WGPE_TOP100_v2/03_SOURCE_DATA/PROVENANCE_INPUTS/SCIENTIFIC_RESOLUTION_v2.1.4/FIG3F_LAG3_COMMON_CV_GRID_CLASSIFICATION.csv","a30d8020a6dcb5a0426414859c87f9e26d29e9b31337db70e839381ddd1373f7"
"LAI","HAC3","forward-only",0.399699566567528,3628,"<PROJECT_ROOT>/CANONICAL_WGPE_TOP100_v2/03_SOURCE_DATA/PROVENANCE_INPUTS/SCIENTIFIC_RESOLUTION_v2.1.4/FIG3F_LAG3_COMMON_CV_GRID_CLASSIFICATION.csv","a30d8020a6dcb5a0426414859c87f9e26d29e9b31337db70e839381ddd1373f7"
"LAI","HAC3","reverse-only",0.544135834317884,3628,"<PROJECT_ROOT>/CANONICAL_WGPE_TOP100_v2/03_SOURCE_DATA/PROVENANCE_INPUTS/SCIENTIFIC_RESOLUTION_v2.1.4/FIG3F_LAG3_COMMON_CV_GRID_CLASSIFICATION.csv","a30d8020a6dcb5a0426414859c87f9e26d29e9b31337db70e839381ddd1373f7"
"LAI","HAC3","bidirectional",0,3628,"<PROJECT_ROOT>/CANONICAL_WGPE_TOP100_v2/03_SOURCE_DATA/PROVENANCE_INPUTS/SCIENTIFIC_RESOLUTION_v2.1.4/FIG3F_LAG3_COMMON_CV_GRID_CLASSIFICATION.csv","a30d8020a6dcb5a0426414859c87f9e26d29e9b31337db70e839381ddd1373f7"
"LAI","HAC3","none",99.0561645991146,3628,"<PROJECT_ROOT>/CANONICAL_WGPE_TOP100_v2/03_SOURCE_DATA/PROVENANCE_INPUTS/SCIENTIFIC_RESOLUTION_v2.1.4/FIG3F_LAG3_COMMON_CV_GRID_CLASSIFICATION.csv","a30d8020a6dcb5a0426414859c87f9e26d29e9b31337db70e839381ddd1373f7"
"LAI","HAC12","forward-only",2.58840148177211,3628,"<PROJECT_ROOT>/CANONICAL_WGPE_TOP100_v2/03_SOURCE_DATA/PROVENANCE_INPUTS/SCIENTIFIC_RESOLUTION_v2.1.4/FIG3F_LAG3_COMMON_CV_GRID_CLASSIFICATION.csv","a30d8020a6dcb5a0426414859c87f9e26d29e9b31337db70e839381ddd1373f7"
"LAI","HAC12","reverse-only",6.75033498851116,3628,"<PROJECT_ROOT>/CANONICAL_WGPE_TOP100_v2/03_SOURCE_DATA/PROVENANCE_INPUTS/SCIENTIFIC_RESOLUTION_v2.1.4/FIG3F_LAG3_COMMON_CV_GRID_CLASSIFICATION.csv","a30d8020a6dcb5a0426414859c87f9e26d29e9b31337db70e839381ddd1373f7"
"LAI","HAC12","bidirectional",0.211907013018375,3628,"<PROJECT_ROOT>/CANONICAL_WGPE_TOP100_v2/03_SOURCE_DATA/PROVENANCE_INPUTS/SCIENTIFIC_RESOLUTION_v2.1.4/FIG3F_LAG3_COMMON_CV_GRID_CLASSIFICATION.csv","a30d8020a6dcb5a0426414859c87f9e26d29e9b31337db70e839381ddd1373f7"
"LAI","HAC12","none",90.4493565166984,3628,"<PROJECT_ROOT>/CANONICAL_WGPE_TOP100_v2/03_SOURCE_DATA/PROVENANCE_INPUTS/SCIENTIFIC_RESOLUTION_v2.1.4/FIG3F_LAG3_COMMON_CV_GRID_CLASSIFICATION.csv","a30d8020a6dcb5a0426414859c87f9e26d29e9b31337db70e839381ddd1373f7"
