Threshold,threshold_n,Predictor,climate_zone,n_grid,retained_area_pct_of_zone_main,effective_area_million_km2,mean_partial_r,BH_positive_area_pct,BH_negative_area_pct,BY_positive_area_pct,BY_negative_area_pct
n >= 36,36,W-GPE,N high latitude,924,100.0,4.03839144354953,0.126549093864339,22.07421497485,0.0,7.49142619683946,0.0
n >= 36,36,W-GPE,N temperate,5192,100.0,39.8260007065252,0.0134464177169441,2.16507495841428,0.194441935646524,0.555743494803521,0.0
n >= 36,36,W-GPE,Tropics,1494,100.0,17.8208460735216,0.0112945251671632,0.0,0.0,0.0,0.0
n >= 36,36,W-GPE,S temperate,690,100.0,7.29531759368675,0.0196906975642771,0.143728175678537,0.0,0.0,0.0
n >= 36,36,W-GPE,S high latitude,0,,0.0,,,,,
n >= 36,36,<z>,N high latitude,924,100.0,4.03839144354953,0.0639639705030857,0.0,0.0,0.0,0.0
n >= 36,36,<z>,N temperate,5192,100.0,39.8260007065252,0.0020693134505852,0.0291499773977014,0.0263280939621019,0.0,0.0
n >= 36,36,<z>,Tropics,1494,100.0,17.8208460735216,0.0037578899691895,0.0,0.0,0.0,0.0
n >= 36,36,<z>,S temperate,690,100.0,7.29531759368675,-0.0168558468115695,0.0,0.0,0.0,0.0
n >= 36,36,<z>,S high latitude,0,,0.0,,,,,
n >= 120,120,W-GPE,N high latitude,841,90.957492165668,3.67321958088557,0.129368510961681,23.9557440002796,0.0,7.99492788255535,0.0
n >= 120,120,W-GPE,N temperate,4159,78.5296385984243,31.2752144230402,0.0241944714084858,2.69773705227318,0.172433116049435,0.865542269286131,0.0
n >= 120,120,W-GPE,Tropics,896,59.6278192127215,10.6261818788968,0.0142972420175906,0.0,0.0,0.0,0.0
n >= 120,120,W-GPE,S temperate,603,87.2594923402186,6.36585709685771,0.0267228292535822,0.164713513480174,0.0,0.0,0.0
n >= 120,120,W-GPE,S high latitude,0,,0.0,,,,,
n >= 120,120,<z>,N high latitude,841,90.957492165668,3.67321958088557,0.0658719384475068,0.0,0.0,0.0,0.0
n >= 120,120,<z>,N temperate,4159,78.5296385984243,31.2752144230402,0.0041977724219129,0.119948333755653,0.0335263149455398,0.0,0.0
n >= 120,120,<z>,Tropics,896,59.6278192127215,10.6261818788968,0.0104869412917925,0.813234198513912,0.0,0.0,0.0
n >= 120,120,<z>,S temperate,603,87.2594923402186,6.36585709685771,-0.0094638903842799,0.0,0.0,0.0,0.0
n >= 120,120,<z>,S high latitude,0,,0.0,,,,,
n >= 177 (>=70%),177,W-GPE,N high latitude,210,22.8720019276723,0.923660968815603,0.133636617550846,23.1958056576677,0.0,5.76393986169766,0.0
n >= 177 (>=70%),177,W-GPE,N temperate,2062,41.420870744141,16.4962762752105,0.0361494656038196,4.53630082614869,0.475048598612647,1.8352789275766,0.0
n >= 177 (>=70%),177,W-GPE,Tropics,631,41.9097225630215,7.468667147796,0.0157075708316834,0.0,0.0,0.0,0.0
n >= 177 (>=70%),177,W-GPE,S temperate,526,76.08032519654,5.55030134939728,0.0339436988844079,0.188916352956222,0.0,0.0,0.0
n >= 177 (>=70%),177,W-GPE,S high latitude,0,,0.0,,,,,
n >= 177 (>=70%),177,<z>,N high latitude,210,22.8720019276723,0.923660968815603,0.045892586588092,0.0,0.0,0.0,0.0
n >= 177 (>=70%),177,<z>,N temperate,2062,41.420870744141,16.4962762752105,-0.0023835812707455,0.0,0.0,0.0,0.0
n >= 177 (>=70%),177,<z>,Tropics,631,41.9097225630215,7.468667147796,0.0129446372739238,1.32236431648994,0.0,0.0,0.0
n >= 177 (>=70%),177,<z>,S temperate,526,76.08032519654,5.55030134939728,-0.0042731490518015,0.0,0.0,0.0,0.0
n >= 177 (>=70%),177,<z>,S high latitude,0,,0.0,,,,,
