variable,unit,start_year,end_year,n_month,slope
iwv,kg m-2 yr-1,1979,2024,552,0.0190099801239597
iwv,kg m-2 yr-1,1980,2024,540,0.0200875719085934
iwv,kg m-2 yr-1,1981,2024,528,0.0215413612496159
iwv,kg m-2 yr-1,1982,2024,516,0.0226316734393232
iwv,kg m-2 yr-1,1983,2024,504,0.02380496841549
iwv,kg m-2 yr-1,1984,2024,492,0.0259064465024896
iwv,kg m-2 yr-1,1985,2024,480,0.0265699858317945
iwv,kg m-2 yr-1,1986,2024,468,0.0271178752018346
iwv,kg m-2 yr-1,1987,2024,456,0.0282522905705516
iwv,kg m-2 yr-1,1988,2024,444,0.0312357669804219
iwv,kg m-2 yr-1,1989,2024,432,0.0335162722177928
zbar,m yr-1,1979,2024,552,0.819477982221973
zbar,m yr-1,1980,2024,540,0.851253532186701
zbar,m yr-1,1981,2024,528,0.871683833114181
zbar,m yr-1,1982,2024,516,0.879308793954284
zbar,m yr-1,1983,2024,504,0.906406948800814
zbar,m yr-1,1984,2024,492,0.937843528537792
zbar,m yr-1,1985,2024,480,0.933620481815347
zbar,m yr-1,1986,2024,468,0.935687908085533
zbar,m yr-1,1987,2024,456,0.93779260303275
zbar,m yr-1,1988,2024,444,1.02219926305245
zbar,m yr-1,1989,2024,432,1.095056090136
wgpe,J m-2 yr-1,1979,2024,552,672.055527958988
wgpe,J m-2 yr-1,1980,2024,540,700.296218724145
wgpe,J m-2 yr-1,1981,2024,528,737.383794083268
wgpe,J m-2 yr-1,1982,2024,516,764.687639998018
wgpe,J m-2 yr-1,1983,2024,504,795.040325524734
wgpe,J m-2 yr-1,1984,2024,492,851.330844259578
wgpe,J m-2 yr-1,1985,2024,480,862.196674602282
wgpe,J m-2 yr-1,1986,2024,468,870.392962780874
wgpe,J m-2 yr-1,1987,2024,456,892.839009247077
wgpe,J m-2 yr-1,1988,2024,444,974.467107517111
wgpe,J m-2 yr-1,1989,2024,432,1043.39714123253
