"height_reference","target","predictor","latitude_bin_mid","estimate","lower95","upper95","n_grid"
"absolute","GPP","W-GPE",-87.5,NA,NA,NA,0
"absolute","GPP","W-GPE",-82.5,NA,NA,NA,0
"absolute","GPP","W-GPE",-77.5,NA,NA,NA,0
"absolute","GPP","W-GPE",-72.5,NA,NA,NA,0
"absolute","GPP","W-GPE",-67.5,NA,NA,NA,0
"absolute","GPP","W-GPE",-62.5,NA,NA,NA,0
"absolute","GPP","W-GPE",-57.5,NA,NA,NA,0
"absolute","GPP","W-GPE",-52.5,0.0566196607542566,0.0504016521442519,0.0630511403171527,12
"absolute","GPP","W-GPE",-47.5,0.0863139307841671,0.0631866283397174,0.114490641982551,29
"absolute","GPP","W-GPE",-42.5,-0.0224101261274535,-0.147087820748393,0.0602675910892495,58
"absolute","GPP","W-GPE",-37.5,0.0579400157896962,-0.0572337021875605,0.112665573783898,98
"absolute","GPP","W-GPE",-32.5,0.0971535123963041,0.0504370156056556,0.133726649971767,225
"absolute","GPP","W-GPE",-27.5,0.137273385735007,0.041268169683332,0.210895389534828,341
"absolute","GPP","W-GPE",-22.5,0.128001693050035,0.0453995113174866,0.216091991853388,400
"absolute","GPP","W-GPE",-17.5,0.140576055172251,0.0917297308978512,0.197216480253844,409
"absolute","GPP","W-GPE",-12.5,0.172075842678129,0.119785345577323,0.231071921602099,362
"absolute","GPP","W-GPE",-7.5,0.194556613572493,0.127750459633704,0.256371104828338,373
"absolute","GPP","W-GPE",-2.5,0.148629159717614,0.0931254309663491,0.198044894123322,413
"absolute","GPP","W-GPE",2.5,0.168211299396067,0.113280442329499,0.235551697607428,367
"absolute","GPP","W-GPE",7.5,0.178684727009435,0.137334596113588,0.212653124275879,404
"absolute","GPP","W-GPE",12.5,0.154742367276919,0.122200348790728,0.185862874488572,367
"absolute","GPP","W-GPE",17.5,0.130314417225513,0.0813595329203004,0.169045249625532,232
"absolute","GPP","W-GPE",22.5,0.13275727290481,0.031164775087189,0.233228172332783,227
"absolute","GPP","W-GPE",27.5,0.09991133372467,0.0394075193456709,0.153540524986669,322
"absolute","GPP","W-GPE",32.5,0.144745216581245,0.0848478108314493,0.199668062727504,429
"absolute","GPP","W-GPE",37.5,0.0840313446349985,0.0135434098576339,0.15565352105766,546
"absolute","GPP","W-GPE",42.5,0.0485363363116209,0.00523383941808106,0.0893612159283857,598
"absolute","GPP","W-GPE",47.5,0.0999529339419709,0.0672512534939965,0.131908185205214,880
"absolute","GPP","W-GPE",52.5,0.14313540799172,0.111255322688521,0.175998630932842,1033
"absolute","GPP","W-GPE",57.5,0.161660904075693,0.133351036716907,0.190101841731035,942
"absolute","GPP","W-GPE",62.5,0.221271462767497,0.198579462381184,0.242647019961161,1096
"absolute","GPP","W-GPE",67.5,0.230706396734747,0.210771595860351,0.248010466544162,1224
"absolute","GPP","W-GPE",72.5,0.24883459438395,0.22618352831609,0.269784195819611,539
"absolute","GPP","W-GPE",77.5,0.266420915382322,0.226759165173671,0.2794354912232,68
"absolute","GPP","W-GPE",82.5,0.196023782107469,0.149543947380578,0.202774535971836,15
"absolute","GPP","W-GPE",87.5,NA,NA,NA,0
"absolute","GPP","<z>",-87.5,NA,NA,NA,0
"absolute","GPP","<z>",-82.5,NA,NA,NA,0
"absolute","GPP","<z>",-77.5,NA,NA,NA,0
"absolute","GPP","<z>",-72.5,NA,NA,NA,0
"absolute","GPP","<z>",-67.5,NA,NA,NA,0
"absolute","GPP","<z>",-62.5,NA,NA,NA,0
"absolute","GPP","<z>",-57.5,NA,NA,NA,0
"absolute","GPP","<z>",-52.5,-0.0467776689178342,-0.067053981271198,-0.027174359359063,12
"absolute","GPP","<z>",-47.5,0.0147478770172438,-0.00670146449428275,0.0408802762720834,29
"absolute","GPP","<z>",-42.5,-0.0523488259055068,-0.141183189073937,0.0037609307487054,58
"absolute","GPP","<z>",-37.5,-0.102943956658224,-0.112858479064632,-0.0824713424454481,98
"absolute","GPP","<z>",-32.5,-0.126297436281722,-0.144746334545728,-0.105292408625541,225
"absolute","GPP","<z>",-27.5,-0.202487082157208,-0.223254655672693,-0.178378434471872,341
"absolute","GPP","<z>",-22.5,-0.178623240346297,-0.207318642813251,-0.149308785756111,400
"absolute","GPP","<z>",-17.5,-0.108727551984694,-0.126899368438561,-0.0850045055253417,409
"absolute","GPP","<z>",-12.5,0.00403895748994084,-0.0484173669294883,0.0646461940503779,362
"absolute","GPP","<z>",-7.5,0.0727793181141786,0.0121572554605924,0.127916497886619,373
"absolute","GPP","<z>",-2.5,0.0836296846262025,0.0504422675881309,0.122573988893561,413
"absolute","GPP","<z>",2.5,0.0891307274312271,0.0567104668799461,0.138627823443594,367
"absolute","GPP","<z>",7.5,0.0182560159383565,-0.0255457650618909,0.0605126945621359,404
"absolute","GPP","<z>",12.5,-0.0676795128376721,-0.105189418206057,0.00109813982815899,367
"absolute","GPP","<z>",17.5,-0.0140710291277519,-0.0743079325911585,0.0358927078593766,232
"absolute","GPP","<z>",22.5,-0.0220852252263795,-0.0612377698639542,0.0178839967544423,227
"absolute","GPP","<z>",27.5,-0.053406729621176,-0.0955116760454598,-0.0109679326917592,322
"absolute","GPP","<z>",32.5,-0.113862096528698,-0.148361299823375,-0.0801335788966746,429
"absolute","GPP","<z>",37.5,-0.138364872076743,-0.168705308877423,-0.105052540937954,546
"absolute","GPP","<z>",42.5,-0.141206210979108,-0.169484500739989,-0.108068026749169,598
"absolute","GPP","<z>",47.5,-0.0932412890985386,-0.121339478988673,-0.0656307374687552,880
"absolute","GPP","<z>",52.5,-0.0358803892993934,-0.0636815926136818,-0.00664987975269286,1033
"absolute","GPP","<z>",57.5,0.0348347381277432,0.0140710610730831,0.0570597924729123,942
"absolute","GPP","<z>",62.5,0.0771313856741424,0.0574848695566815,0.0946019934435524,1096
"absolute","GPP","<z>",67.5,0.0618033230216245,0.0423847804248057,0.0776470239159632,1224
"absolute","GPP","<z>",72.5,0.0713805847758898,0.0511517425286684,0.0926351087411088,539
"absolute","GPP","<z>",77.5,0.082530123890303,0.0673266969917655,0.0983118884347785,68
"absolute","GPP","<z>",82.5,0.0561616491396832,0.0270811314689154,0.0603853177090151,15
"absolute","GPP","<z>",87.5,NA,NA,NA,0
"absolute","LAI","W-GPE",-87.5,NA,NA,NA,0
"absolute","LAI","W-GPE",-82.5,NA,NA,NA,0
"absolute","LAI","W-GPE",-77.5,NA,NA,NA,0
"absolute","LAI","W-GPE",-72.5,NA,NA,NA,0
"absolute","LAI","W-GPE",-67.5,NA,NA,NA,0
"absolute","LAI","W-GPE",-62.5,NA,NA,NA,0
"absolute","LAI","W-GPE",-57.5,NA,NA,NA,0
"absolute","LAI","W-GPE",-52.5,-0.0957959444220624,-0.10021018062954,-0.0925219217564382,7
"absolute","LAI","W-GPE",-47.5,-0.0762488104513616,-0.11560369717889,-0.0409784621367397,19
"absolute","LAI","W-GPE",-42.5,0.0332667408625043,0.0267026951342846,0.04950537444542,24
"absolute","LAI","W-GPE",-37.5,0.0424953197656862,-0.0790444211326287,0.0596567610657991,60
"absolute","LAI","W-GPE",-32.5,0.0587093688596245,-0.00633122346399523,0.114488001597003,188
"absolute","LAI","W-GPE",-27.5,0.0998240367061951,0.0391905006923031,0.134713501649793,274
"absolute","LAI","W-GPE",-22.5,0.104968583172921,0.0320879755347635,0.159574253276405,312
"absolute","LAI","W-GPE",-17.5,0.142836150515828,0.106790549285614,0.173401838260478,263
"absolute","LAI","W-GPE",-12.5,0.0575682776629951,0.0155826895598638,0.103473588766754,201
"absolute","LAI","W-GPE",-7.5,0.0210533928107583,-0.0122231122252799,0.0628852988892165,89
"absolute","LAI","W-GPE",-2.5,0.0430720473942095,-0.0123909469100546,0.147679048186017,39
"absolute","LAI","W-GPE",2.5,0.207017262490593,0.159611179350202,0.242324152249072,49
"absolute","LAI","W-GPE",7.5,0.0920038010997615,0.0248386211232284,0.159960462896737,174
"absolute","LAI","W-GPE",12.5,0.0377975419258305,0.00402566179676302,0.0671430422557896,279
"absolute","LAI","W-GPE",17.5,0.0451865541656465,-0.0397521765044959,0.124125493001492,119
"absolute","LAI","W-GPE",22.5,0.10123584961316,0.0666929744933898,0.118944249752024,114
"absolute","LAI","W-GPE",27.5,0.060145688359736,-0.00552949142338827,0.10932546427834,189
"absolute","LAI","W-GPE",32.5,0.0673791367841191,-0.00015994035763969,0.12833983084813,293
"absolute","LAI","W-GPE",37.5,0.0131578485884263,-0.0339329292585215,0.0576140120586426,411
"absolute","LAI","W-GPE",42.5,-0.000261682364100085,-0.0263356731259582,0.0263418532279066,491
"absolute","LAI","W-GPE",47.5,0.0282492864358455,-0.00468566991785925,0.0617158822197613,726
"absolute","LAI","W-GPE",52.5,0.0386524915149883,0.00471459499584001,0.0700172975315777,852
"absolute","LAI","W-GPE",57.5,0.0438984137148082,0.00905116172649124,0.076139747239569,828
"absolute","LAI","W-GPE",62.5,0.0733625115930707,0.0495760230963679,0.100603424275117,938
"absolute","LAI","W-GPE",67.5,0.158746084151395,0.126904581076025,0.192722813515793,1011
"absolute","LAI","W-GPE",72.5,0.229255363358828,0.187991877169316,0.25801273136305,329
"absolute","LAI","W-GPE",77.5,0.323613455669564,0.247845309816392,0.347541688577786,21
"absolute","LAI","W-GPE",82.5,NA,NA,NA,0
"absolute","LAI","W-GPE",87.5,NA,NA,NA,0
"absolute","LAI","<z>",-87.5,NA,NA,NA,0
"absolute","LAI","<z>",-82.5,NA,NA,NA,0
"absolute","LAI","<z>",-77.5,NA,NA,NA,0
"absolute","LAI","<z>",-72.5,NA,NA,NA,0
"absolute","LAI","<z>",-67.5,NA,NA,NA,0
"absolute","LAI","<z>",-62.5,NA,NA,NA,0
"absolute","LAI","<z>",-57.5,NA,NA,NA,0
"absolute","LAI","<z>",-52.5,-0.0579019923050516,-0.0712853673590279,-0.0398577132101641,7
"absolute","LAI","<z>",-47.5,-0.0428137555497957,-0.0591531341658585,-0.028170197329873,19
"absolute","LAI","<z>",-42.5,0.0403940894600519,0.0379919199524122,0.0463367583648272,24
"absolute","LAI","<z>",-37.5,-0.0729689239121694,-0.0989661320555055,-0.0566837380383925,60
"absolute","LAI","<z>",-32.5,-0.0878603415376257,-0.118792784822945,-0.061942636682225,188
"absolute","LAI","<z>",-27.5,-0.121960146522901,-0.166159928221607,-0.0830801183908275,274
"absolute","LAI","<z>",-22.5,-0.108884081207256,-0.127984921819889,-0.0907931392602472,312
"absolute","LAI","<z>",-17.5,-0.0625163684053774,-0.0967731344648232,-0.023235297025031,263
"absolute","LAI","<z>",-12.5,-0.0191930652351683,-0.0590949649523896,0.00586982433667617,201
"absolute","LAI","<z>",-7.5,0.0259066822209844,-0.0118011912974068,0.0688677498302728,89
"absolute","LAI","<z>",-2.5,0.0125197590460425,-0.035975163814852,0.135278385638446,39
"absolute","LAI","<z>",2.5,0.126878926595516,0.0781728277952598,0.192161464966139,49
"absolute","LAI","<z>",7.5,-0.0303826022166522,-0.111331009546993,0.0534394268758709,174
"absolute","LAI","<z>",12.5,-0.0726936231127745,-0.0871102708517424,-0.0509218395891569,279
"absolute","LAI","<z>",17.5,-0.0336029652441762,-0.0934270168298924,0.0299595181611904,119
"absolute","LAI","<z>",22.5,-0.0829127024323432,-0.12016134659128,-0.0322268930841441,114
"absolute","LAI","<z>",27.5,-0.0435482238683459,-0.0635060235535236,-0.0157707145669084,189
"absolute","LAI","<z>",32.5,-0.0791692119904828,-0.111511144990753,-0.0323184231365155,293
"absolute","LAI","<z>",37.5,-0.0749662689299898,-0.0964045951958635,-0.0483287904502588,411
"absolute","LAI","<z>",42.5,-0.0534808527684251,-0.101913034571011,-0.00567558216384477,491
"absolute","LAI","<z>",47.5,0.00554366149008241,-0.0342980198203504,0.0462240088047759,726
"absolute","LAI","<z>",52.5,0.0188368321453151,-0.00702351049560933,0.0465328925235448,852
"absolute","LAI","<z>",57.5,0.0409768952658543,0.00854401820316093,0.071980912089764,828
"absolute","LAI","<z>",62.5,0.064777900578248,0.0447576970055105,0.0895276126179024,938
"absolute","LAI","<z>",67.5,0.0940354414238367,0.0702618909557577,0.117889267078773,1011
"absolute","LAI","<z>",72.5,0.13032131601224,0.101804304956113,0.149576494191407,329
"absolute","LAI","<z>",77.5,0.127315943673736,0.0824645254244068,0.142356917918024,21
"absolute","LAI","<z>",82.5,NA,NA,NA,0
"absolute","LAI","<z>",87.5,NA,NA,NA,0
