"target","predictor","model","region","n_grid","mean_r","lower95","upper95","BH_positive_pct","BH_negative_pct","BY_positive_pct"
"GPP","W-GPE","With_VPD","Global",12009,0.0782896864708896,0.0623877145434029,0.0929673090076476,33.0199131516775,4.80018104922981,17.0536932349883
"GPP","W-GPE","With_VPD","N high latitude",1335,0.168346279605499,0.155513017044288,0.182517798426825,63.5471895476617,0,36.1297574915526
"GPP","W-GPE","With_VPD","N temperate",6413,0.104617242738231,0.085122677800255,0.124112679166649,41.6428685528852,2.74776021759762,24.2544333236585
"GPP","W-GPE","With_VPD","Tropics",3347,0.0483206317500265,0.0259027456116067,0.070652237709823,22.2378905768664,6.85070545759018,8.19674286803515
"GPP","W-GPE","With_VPD","S temperate",914,0.0135104752431584,-0.0339760689130864,0.0563156192639056,15.2598561702576,9.73963142946866,5.40000560903609
"GPP","W-GPE","Without_VPD","Global",12009,0.146420775501812,0.132772095595553,0.159919509409222,54.8174932132447,1.82814161315684,37.9394650560511
"GPP","W-GPE","Without_VPD","N high latitude",1335,0.238708577349243,0.223012399542436,0.251563056770607,93.4089036978439,0,79.2747609294381
"GPP","W-GPE","Without_VPD","N temperate",6413,0.133710281732205,0.113600172006168,0.152729082756368,51.8227730692979,2.27566326226968,35.0900674366712
"GPP","W-GPE","Without_VPD","Tropics",3347,0.159047639760552,0.138525210112233,0.179053416071232,55.8740525659529,0.787291271257045,38.3811541479782
"GPP","W-GPE","Without_VPD","S temperate",914,0.105150265729935,0.0494967949874265,0.157280670486174,43.203146396404,4.94998096644272,26.5301456472494
"GPP","<z>","With_VPD","Global",12009,0.000433096517335931,-0.011342453573023,0.0116575650019791,3.15799537503826,2.21941732154208,1.17284940528507
"GPP","<z>","With_VPD","N high latitude",1335,0.0147859582866907,0.00221126912446145,0.0258722030697847,0,0.323375267713157,0
"GPP","<z>","With_VPD","N temperate",6413,-0.0175963389599683,-0.0290193789902478,-0.00644043620864315,0.428255623974709,1.11594916336354,0.112012890600556
"GPP","<z>","With_VPD","Tropics",3347,0.0318482857663282,0.00933463225176215,0.0542972845394758,7.74330970925784,2.96012373222883,2.93422431740168
"GPP","<z>","With_VPD","S temperate",914,-0.0460049078332207,-0.0762042038328847,-0.0189714272599625,0,5.99241797177065,0
"GPP","<z>","Without_VPD","Global",12009,-0.0339226698380928,-0.0508036966964076,-0.0182175383862431,5.63244567775058,17.770493265287,1.84237394632693
"GPP","<z>","Without_VPD","N high latitude",1335,0.0646768022540375,0.0479463614098171,0.079376162962106,5.26301400209364,0,0.0674195658723117
"GPP","<z>","Without_VPD","N temperate",6413,-0.046340191724339,-0.0661729767363745,-0.0263984452538369,2.56924854740848,18.4218942462543,0.223371617119032
"GPP","<z>","Without_VPD","Tropics",3347,-0.00263448756727022,-0.0253855609672594,0.0221699737227252,10.8280991003355,11.0735563761906,4.54085665140896
"GPP","<z>","Without_VPD","S temperate",914,-0.1589898313969,-0.187562175579588,-0.127024068891746,0,53.0576202062612,0
"LAI","W-GPE","With_VPD","Global",8300,0.0201723469709629,0.0105125256232006,0.0317149097003883,2.13812287015957,0.192565232494465,0.429018393264511
"LAI","W-GPE","With_VPD","N high latitude",924,0.126549093864339,0.104298281606899,0.148508751844046,10.319788193955,0,1.84748965295305
"LAI","W-GPE","With_VPD","N temperate",5192,0.013446417716944,-0.000548751242685656,0.0267158546495678,2.28351341318904,0.233935189773411,0.555743494803521
"LAI","W-GPE","With_VPD","Tropics",1494,0.0112945251671632,-0.00689610993226566,0.0311895237807902,0.470421373524424,0.133385599944149,0
"LAI","W-GPE","With_VPD","S temperate",690,0.0196906975642772,-0.00409788623559725,0.0419077653769536,0.88920679188168,0.217880780365487,0
"LAI","W-GPE","Without_VPD","Global",8300,0.0669563850376166,0.0534276056810706,0.0815285845615519,13.6642587857929,0.356871698641036,4.88661374360917
"LAI","W-GPE","Without_VPD","N high latitude",924,0.189019175830618,0.159052055242943,0.217466805126057,40.7965486321223,0,19.8009516398596
"LAI","W-GPE","Without_VPD","N temperate",5192,0.0454562044462665,0.0287519300352861,0.0615372945912643,9.12428418864297,0.568039999319785,2.51019698129591
"LAI","W-GPE","Without_VPD","Tropics",1494,0.0815219880138758,0.0578615585201282,0.107157848709991,14.7603019507303,0.0673195853529944,5.73618796023596
"LAI","W-GPE","Without_VPD","S temperate",690,0.0811788650827821,0.038826028076066,0.115403987023648,20.751792283558,0.108940390182744,7.52846031415488
"LAI","<z>","With_VPD","Global",8300,0.00412759870731622,-0.00559028773089152,0.0135810739007228,0,0,0
"LAI","<z>","With_VPD","N high latitude",924,0.0639639705030857,0.047585734899676,0.0796230485239464,0,0,0
"LAI","<z>","With_VPD","N temperate",5192,0.00206931345058524,-0.0108632504336576,0.0140317194464104,0,0,0
"LAI","<z>","With_VPD","Tropics",1494,0.00375788996918952,-0.012667743010044,0.0236369940431256,0,0,0
"LAI","<z>","With_VPD","S temperate",690,-0.0168558468115694,-0.0341325928440353,-0.00182905114299841,0,0,0
"LAI","<z>","Without_VPD","Global",8300,-0.0154267647224314,-0.0299227291898673,0.000709861462177644,0.465346216618652,1.37299255452327,0
"LAI","<z>","Without_VPD","N high latitude",924,0.108394855538327,0.0882586659822578,0.126695756632379,0.538424870871221,0,0
"LAI","<z>","Without_VPD","N temperate",5192,0.00118779471536332,-0.0163698900616122,0.0191713679326421,0.534162362422605,1.48420287207634,0
"LAI","<z>","Without_VPD","Tropics",1494,-0.0467345933853969,-0.0676149666672751,-0.0227502132154419,0.485494326103693,0.515939499908273,0
"LAI","<z>","Without_VPD","S temperate",690,-0.0981921309238047,-0.123199853196272,-0.0704454101227406,0,3.61950609577342,0
