public_script,original_script,compatibility_relpath,original_sha256,public_sha256,transformation_type,scientific_logic_changed
code/support/orchestration/run_all_TOP100_revision.R,scripts_TOP100_revision/run_all_TOP100_revision.R,scripts_TOP100_revision/run_all_TOP100_revision.R,e01812f022799d7388111f82d176a4cd62c34373b1cfa417db1f6e4d9a407842,04cef1e08570a663a05b72fabf92d884a09acbefb164d53eda90002ae47d6d40,path_tokenization_only,FALSE
code/01_preprocessing/input_audit/01_freeze_and_audit_TOP100.py,scripts_TOP100_revision/01_input_audit/01_freeze_and_audit_TOP100.py,scripts_TOP100_revision/01_input_audit/01_freeze_and_audit_TOP100.py,1a3f253515ea78659fc0d779dd09b60be8d35ff512b7197f81e3f8c364ba9977,48dc9fc23329ea404f9c84544f860b9f716f7d15904b69dce6c2db712b7d3e2b,path_tokenization_only,FALSE
code/02_moisture_diagnostics/core/04_compute_ERA5_top_boundary_monthly.py,scripts_TOP100_revision/02_TOP100_core_recalculation/04_compute_ERA5_top_boundary_monthly.py,scripts_TOP100_revision/02_TOP100_core_recalculation/04_compute_ERA5_top_boundary_monthly.py,9cb437b5f2650bbe0456cf679b5539a7ff4c07de8e1577a19ee1aabd11408ad0,c63a059ac3fc7d015eb3a27d5d374df5ae798cbd012cb754dd60afae87ea736a,path_tokenization_only,FALSE
code/03_trends_and_decomposition/03_trend_and_layers/05_analyze_top_boundary_results.py,scripts_TOP100_revision/03_trend_and_layers/05_analyze_top_boundary_results.py,scripts_TOP100_revision/03_trend_and_layers/05_analyze_top_boundary_results.py,e0d260fa620930e9c844d97a453d6ebfa8003e8b38673edd3e40ac5d7a29cfc2,8b3886517f59fa97cd07188fab21a852f8666cf5d66873490f327c906fe2c5e7,path_tokenization_only,FALSE
code/03_trends_and_decomposition/03_trend_and_layers/09_compute_top100_layer_contributions.py,scripts_TOP100_revision/03_trend_and_layers/09_compute_top100_layer_contributions.py,scripts_TOP100_revision/03_trend_and_layers/09_compute_top100_layer_contributions.py,aa42227cd592d3ff419e97c739a5d85c777de8a1d3dcfcc468accc15fbfc17f3,44e5e48c8271c5db0b8113489fbf472165368db2e378f63df31ce62d5d2b604d,path_tokenization_only,FALSE
code/03_trends_and_decomposition/03_trend_and_layers/15_reconcile_top_boundary_domains.py,scripts_TOP100_revision/03_trend_and_layers/15_reconcile_top_boundary_domains.py,scripts_TOP100_revision/03_trend_and_layers/15_reconcile_top_boundary_domains.py,d51613339417865d8ce363906853f91fef3b301ba0cfd9a6e228f24278f05d45,cb08e5670d811de8e221382ecea0b667bd9af4352d0755782becd6167257b7b3,path_tokenization_only,FALSE
code/02_moisture_diagnostics/core/02_export_TOP100_core_RData.R,scripts_TOP100_revision/02_TOP100_core_recalculation/02_export_TOP100_core_RData.R,scripts_TOP100_revision/02_TOP100_core_recalculation/02_export_TOP100_core_RData.R,31ada48915a71f17bea3b3602e46e71e89165750a6dc6f9af0d06734e9228dae,74d6668fc780aef1da153848ea1758641113f22e790323de588ecb9d79c98db8,path_tokenization_only,FALSE
code/04_hydroclimate/05_precip_wetdry/05_run_TOP100_downstream_baseline.R,scripts_TOP100_revision/05_precip_wetdry/05_run_TOP100_downstream_baseline.R,scripts_TOP100_revision/05_precip_wetdry/05_run_TOP100_downstream_baseline.R,79b1f88f3aac470cececd9c4e80aff8d3cf076d9952a1c1d68dd5780e40da9ad,76c080bea19b595eafdc10c48b6a5e74f1fc33c4b3d016b263d996630ede2571,path_tokenization_only,FALSE
code/04_hydroclimate/05_precip_wetdry/05c_compute_Fig2a_deseasoned_only_TOP100.R,scripts_TOP100_revision/05_precip_wetdry/05c_compute_Fig2a_deseasoned_only_TOP100.R,scripts_TOP100_revision/05_precip_wetdry/05c_compute_Fig2a_deseasoned_only_TOP100.R,9605c1b824a99efbd8b9c7a632fb0c18a0709e7776540f4acfd0150779047b08,123f9ad84cff36702a914862620e00b3fb7fe3b11b90da7f2fcfb9235b0a65a5,path_tokenization_only,FALSE
code/04_hydroclimate/05_precip_wetdry/05b_exact_wetdry_decomposition_TOP100.R,scripts_TOP100_revision/05_precip_wetdry/05b_exact_wetdry_decomposition_TOP100.R,scripts_TOP100_revision/05_precip_wetdry/05b_exact_wetdry_decomposition_TOP100.R,4fcf2457977ffa7c24134d856b9a0257083f6a4425d5336638ff1f32f759b939,3754dd72721d30f1e0f8b3950e49dad75bea3e7522ba28ea9766a3938a87c436,path_tokenization_only,FALSE
code/04_hydroclimate/06_ENSO/06_run_ONIstandard_TOP100.R,scripts_TOP100_revision/06_ENSO/06_run_ONIstandard_TOP100.R,scripts_TOP100_revision/06_ENSO/06_run_ONIstandard_TOP100.R,64fd61a6343e7917196a6557ffe8bc30c3f80417fd28328343006aaeb0b432fa,f1dd3f4b7ecec29a5c21651d9370117559749a2a033b3edfb320299d28f1aec6,path_tokenization_only,FALSE
code/05_ecology/temporal_precedence/08_conditional_temporal_precedence_lag1_4_TOP100.R,scripts_TOP100_revision/08_temporal_precedence/08_conditional_temporal_precedence_lag1_4_TOP100.R,scripts_TOP100_revision/08_temporal_precedence/08_conditional_temporal_precedence_lag1_4_TOP100.R,157c3653a26dc36ff5f3644f15a941efd56f8bd3f32684fc4800b71386e1fd2c,eb0c3cea5cb2de9871b9d6e211922b5d5960e7e1e7727e05365b35a0e3b9e9e8,path_tokenization_only,FALSE
code/05_ecology/temporal_precedence/08a_precip_temporal_effects_TOP100.R,scripts_TOP100_revision/08_temporal_precedence/08a_precip_temporal_effects_TOP100.R,scripts_TOP100_revision/08_temporal_precedence/08a_precip_temporal_effects_TOP100.R,5607ffefe1ecabc73566ee92792f93478718a2925595bda5ac8f4875cfc34303,fdb2516f072316e4852151000ac1ea98f55c712044a7b7f53fcfb637f827b191,path_tokenization_only,FALSE
code/05_ecology/temporal_precedence/08b_ecology_temporal_effects_TOP100.R,scripts_TOP100_revision/08_temporal_precedence/08b_ecology_temporal_effects_TOP100.R,scripts_TOP100_revision/08_temporal_precedence/08b_ecology_temporal_effects_TOP100.R,68a2bc9ba4d526580de47e9256122e015194a08bb0b5ec81dd170454e1bd75ef,5a806077ff32b932971cc05eed6fcac106f37d3744e6d2e5bf1874d18b84203d,path_tokenization_only,FALSE
code/05_ecology/temporal_precedence/08c_resummarize_ecology_temporal_effects_TOP100.R,scripts_TOP100_revision/08_temporal_precedence/08c_resummarize_ecology_temporal_effects_TOP100.R,scripts_TOP100_revision/08_temporal_precedence/08c_resummarize_ecology_temporal_effects_TOP100.R,d00ea84fe961a7493b421af6d2b5187f8d7b49185612a095b7cc444d6ec593d3,68c93362be21e4d3d7c8c398feff56da9f353f1689402661ffd4bfbe74013ff7,path_tokenization_only,FALSE
code/06_validation/09_JRA55/09_compute_JRA55_TOP100_native_1982_2023.py,scripts_TOP100_revision/09_JRA55/09_compute_JRA55_TOP100_native_1982_2023.py,scripts_TOP100_revision/09_JRA55/09_compute_JRA55_TOP100_native_1982_2023.py,38ce1d0c1462405482ea7477163abd88cdbc21cc27a35d1acbbcbfd369a81174,6a26dc1328f940d7d6c532d60c5f2954d23fedc7b4305b14e94dbc1790ef7b0f,path_tokenization_only,FALSE
code/06_validation/09_JRA55/09b_export_ERA5_TOP100_1982_2023.R,scripts_TOP100_revision/09_JRA55/09b_export_ERA5_TOP100_1982_2023.R,scripts_TOP100_revision/09_JRA55/09b_export_ERA5_TOP100_1982_2023.R,1bd09764faf3f086440fcadaa506badceebf986543fcf3c6b10f4913a512f0b4,c06f533302ded2397c214ec26713d1e6a81d4151eb1d909c19e0ab2a5e1d5537,path_tokenization_only,FALSE
code/06_validation/09_JRA55/09c_compare_JRA55_ERA5_TOP100.py,scripts_TOP100_revision/09_JRA55/09c_compare_JRA55_ERA5_TOP100.py,scripts_TOP100_revision/09_JRA55/09c_compare_JRA55_ERA5_TOP100.py,b4be9246a7e3bf081addd62d601c3037b2ba8f7b5f25c97f129ae1fbb6d852cf,d83bba1b98379793d20c57c8aa432d7a0df4cb1bc62450d5e1eaa4036705a689,path_tokenization_only,FALSE
code/06_validation/09_JRA55/09d_compute_ERA5_TOP100_layers_1982_2023.py,scripts_TOP100_revision/09_JRA55/09d_compute_ERA5_TOP100_layers_1982_2023.py,scripts_TOP100_revision/09_JRA55/09d_compute_ERA5_TOP100_layers_1982_2023.py,4241eb8111b033e1b227dbfc5b2d76905cfcdff3cb03a6413f6b87b7ddcbd48e,456bcfa3d8daa6cb529b12b4d461ded08fc414df924e4f0a1c456f35b0dc5c3f,path_tokenization_only,FALSE
code/06_validation/09_JRA55/09e_compare_six_layer_contributions_TOP100.py,scripts_TOP100_revision/09_JRA55/09e_compare_six_layer_contributions_TOP100.py,scripts_TOP100_revision/09_JRA55/09e_compare_six_layer_contributions_TOP100.py,e7729affddced0c7ef45cbd5e674f5193231cb1f40acd94bb01ae1e78523db27,cb57dc1a4937c8df4105846bf3573dedbef160e7d5c8ff22b436e6da4c6ef5e4,path_tokenization_only,FALSE
code/03_trends_and_decomposition/10_surface_truncation/16_audit_surface_endpoint_inputs.R,scripts_TOP100_revision/10_surface_truncation/16_audit_surface_endpoint_inputs.R,scripts_TOP100_revision/10_surface_truncation/16_audit_surface_endpoint_inputs.R,58dae8e6ce91151b02df15636fffe9dc5eb7fc90e6c2dc744310c756b09e2d48,0f166312df1e64e12680dbd87e4b6bcf2b861383540e09f23bc5fbfbe2a7302c,path_tokenization_only,FALSE
code/03_trends_and_decomposition/10_surface_truncation/17_compute_surface_endpoint_methods.R,scripts_TOP100_revision/10_surface_truncation/17_compute_surface_endpoint_methods.R,scripts_TOP100_revision/10_surface_truncation/17_compute_surface_endpoint_methods.R,e124292cb74eff1d668dedc5d4bc43a25d3b518e951344839bd1fa01d67891f2,ae7221c0281c1264106556b8e28836cea73673e8dc76edca2ebe7792093c85e9,path_tokenization_only,FALSE
code/03_trends_and_decomposition/10_surface_truncation/18_analyze_surface_endpoint_methods.R,scripts_TOP100_revision/10_surface_truncation/18_analyze_surface_endpoint_methods.R,scripts_TOP100_revision/10_surface_truncation/18_analyze_surface_endpoint_methods.R,89e4867b0861645ec6cb00660c0bea5669fd5548f40bf42d99806e1178a8a278,02f46291a37205096c768aa935a9af293cd022451c744d92303738b727af3620,path_tokenization_only,FALSE
code/03_trends_and_decomposition/11_uncertainty/06_build_top_boundary_10deg_blocks.py,scripts_TOP100_revision/11_uncertainty/06_build_top_boundary_10deg_blocks.py,scripts_TOP100_revision/11_uncertainty/06_build_top_boundary_10deg_blocks.py,dbb110912a738f2786dfe2468e5fc252e8f9011dba3abc7d5e44f484ff653d89,eecb6f903ffb686b250a3155ce7bed647f0b761c525038a042446409455ad5ee,path_tokenization_only,FALSE
code/03_trends_and_decomposition/11_uncertainty/07_build_top_boundary_zone_monthly.py,scripts_TOP100_revision/11_uncertainty/07_build_top_boundary_zone_monthly.py,scripts_TOP100_revision/11_uncertainty/07_build_top_boundary_zone_monthly.py,42dd4f8ade30b9d54211d74cf62520a5366e42160cb1052e27ca0f83ebe60e47,be6ea3ed2bc71cb1caedf2f8c38dafb52f395b4947bb5f5013b27b4394617ec0,path_tokenization_only,FALSE
code/03_trends_and_decomposition/11_uncertainty/08_top_boundary_uncertainty.R,scripts_TOP100_revision/11_uncertainty/08_top_boundary_uncertainty.R,scripts_TOP100_revision/11_uncertainty/08_top_boundary_uncertainty.R,c62b8f20f7d9d22e65d8c93a5613ff6bb824416e0420d90be8b9597cefee5352,a56f1537e14b971a8126aa72ec806a4260613a673aea3e426377b92508ee585d,path_tokenization_only,FALSE
code/03_trends_and_decomposition/11_uncertainty/11_build_lat5_monthly_and_uncertainty.R,scripts_TOP100_revision/11_uncertainty/11_build_lat5_monthly_and_uncertainty.R,scripts_TOP100_revision/11_uncertainty/11_build_lat5_monthly_and_uncertainty.R,6dbdea9e4618085c76c853590f3c07176f85ca935bfe29606272ab94a5be06a1,0680d23014b2434cf1100411a66bc960e1fdfa57cd97c29d0968cb76039fbe32,path_tokenization_only,FALSE
code/03_trends_and_decomposition/12_field_significance/10_top_boundary_effective_n_FDR.R,scripts_TOP100_revision/12_field_significance/10_top_boundary_effective_n_FDR.R,scripts_TOP100_revision/12_field_significance/10_top_boundary_effective_n_FDR.R,e26dc191d5218e5d5a08eac4a19ea8274c4949ba018f770b66925418d515cdf7,e3e563352612d922fe986c9d323a7aea78077ad12b8cbad222ad0040b57885e1,path_tokenization_only,FALSE
code/03_trends_and_decomposition/12_field_significance/12a_export_TOP100_precip_monthly_nc.R,scripts_TOP100_revision/12_field_significance/12a_export_TOP100_precip_monthly_nc.R,scripts_TOP100_revision/12_field_significance/12a_export_TOP100_precip_monthly_nc.R,e3d4ff1d6b141fc92a44bb23d6958c8c00bf46c66175aa262ca92dec33573b53,4eb5a1f0d8702e1a61b22ea63e0d2c4e9c1c66533eaa69fb611631b63dd29f98,path_tokenization_only,FALSE
code/03_trends_and_decomposition/12_field_significance/12b_precip_BH_BY_field_significance_TOP100.py,scripts_TOP100_revision/12_field_significance/12b_precip_BH_BY_field_significance_TOP100.py,scripts_TOP100_revision/12_field_significance/12b_precip_BH_BY_field_significance_TOP100.py,af674a07b6dc8203673ca5d26be45f25094901158a6e6a4bf4ba612fcf930a4c,8573ce2c04b110ebf96641250ed44edb9a7a8500aa2a881baf95c5a0de4f7cf1,path_tokenization_only,FALSE
code/03_trends_and_decomposition/12_field_significance/12c_ecology_BH_BY_TOP100.py,scripts_TOP100_revision/12_field_significance/12c_ecology_BH_BY_TOP100.py,scripts_TOP100_revision/12_field_significance/12c_ecology_BH_BY_TOP100.py,983815c60aea14208f13158ee301d092dcb127e9ea272e14755981152114d010,5b1840729ea8f35d59130799f4883cf52aa87bb6ed3ef34fdae6615a487456d6,path_tokenization_only,FALSE
code/04_hydroclimate/13_incremental_value/13a_precip_wetdry_increment_TOP100.R,scripts_TOP100_revision/13_incremental_value/13a_precip_wetdry_increment_TOP100.R,scripts_TOP100_revision/13_incremental_value/13a_precip_wetdry_increment_TOP100.R,4562c9665769466f878c68d52edf88f11aa8d43e895b1a40c207b4e436e188c1,53a288bf4c67a5ee8c102aaf6f628b8b3dbf3302ddfe00cc82eba34768f20631,path_tokenization_only,FALSE
code/04_hydroclimate/13_incremental_value/13b_ecology_increment_TOP100.R,scripts_TOP100_revision/13_incremental_value/13b_ecology_increment_TOP100.R,scripts_TOP100_revision/13_incremental_value/13b_ecology_increment_TOP100.R,48b4457c07ad38623a1f2376ec2e7459641a7422da6919a3fdad1e0bd11cf34a,6ac4b04454afea491c88716af4e84ad6e88d5aecbd9bfaf8924ea03193591dba,path_tokenization_only,FALSE
code/04_hydroclimate/13_incremental_value/13c_ENSO_increment_TOP100.R,scripts_TOP100_revision/13_incremental_value/13c_ENSO_increment_TOP100.R,scripts_TOP100_revision/13_incremental_value/13c_ENSO_increment_TOP100.R,647cdec191205900696dd12ba1809fc2838a8e33be5cda6dd75e6c8727a60948,7e7b5eb515fdfa85da53b0242d6d4370a96d8ca25fb4702a78b79dd9251d47ad,path_tokenization_only,FALSE
code/04_hydroclimate/13_incremental_value/13d_classify_incremental_value_TOP100.py,scripts_TOP100_revision/13_incremental_value/13d_classify_incremental_value_TOP100.py,scripts_TOP100_revision/13_incremental_value/13d_classify_incremental_value_TOP100.py,a99a33d212b9be80a82b10f236733e878bd7550d0ae9bc80e519a6374121b9a1,b6844ba39412af206d9b9b5d9a8024e42006bb9ff72d5127a578dd2d68362786,path_tokenization_only,FALSE
code/07_figures_and_tables/14_plot_main_figures/14e_Figure1d_spatial_correlation_uncertainty_TOP100.R,scripts_TOP100_revision/14_plot_main_figures/14e_Figure1d_spatial_correlation_uncertainty_TOP100.R,scripts_TOP100_revision/14_plot_main_figures/14e_Figure1d_spatial_correlation_uncertainty_TOP100.R,326759d3d3d3e518ca113a0d230c813994263856d29697f05362a5e22a31c40d,e6a546f24b2058c20a6862e7b8ef06064ee7b9068327b5c0138714f5078cc3cb,path_tokenization_only,FALSE
code/07_figures_and_tables/14_plot_main_figures/14b_build_Figure1_TOP100_adapter.R,scripts_TOP100_revision/14_plot_main_figures/14b_build_Figure1_TOP100_adapter.R,scripts_TOP100_revision/14_plot_main_figures/14b_build_Figure1_TOP100_adapter.R,5fb6011bcd2ba7fbebd65678f8bcc3fb75f364aa85527d28a788b13c45f29acb,972072e959e8b6c2aed10c2b9bb64127062ddda997f671fb02121ad2c1b1ba75,path_tokenization_only,FALSE
code/07_figures_and_tables/14_plot_main_figures/14f_build_Figure2_TOP100_adapter.R,scripts_TOP100_revision/14_plot_main_figures/14f_build_Figure2_TOP100_adapter.R,scripts_TOP100_revision/14_plot_main_figures/14f_build_Figure2_TOP100_adapter.R,94a84955dd11e3f1da85f7b976cb8c08e880088089fd9c9279316434232858a9,beddc7f0403bee2c908b6bdce86d2866c48ff4e3387b39088a5180bf2dfaf956,path_tokenization_only,FALSE
code/07_figures_and_tables/14_plot_main_figures/14g_build_Figure3_TOP100_adapter.R,scripts_TOP100_revision/14_plot_main_figures/14g_build_Figure3_TOP100_adapter.R,scripts_TOP100_revision/14_plot_main_figures/14g_build_Figure3_TOP100_adapter.R,06912c68bd2a461da12198fd71b4ef749fe1a35622efacba1971663de0de82f9,a409b5b0628324f718366923f5141e0199f64335f32b701ff24dc08e0e5d9ce6,path_tokenization_only,FALSE
code/07_figures_and_tables/14_plot_main_figures/build_Figure1_TOP100_FINAL.R,scripts_TOP100_revision/14_plot_main_figures/build_Figure1_TOP100_FINAL.R,scripts_TOP100_revision/14_plot_main_figures/build_Figure1_TOP100_FINAL.R,a5d4f960db90dcde459c2664509867da17be0ea5aea5b786f93050a5dcec7fff,e280214ffd06cc2fe216533a4a622879bccf456b192c353af194358a16423aae,path_tokenization_only,FALSE
code/07_figures_and_tables/14_plot_main_figures/build_Figure2_TOP100_FINAL.R,scripts_TOP100_revision/14_plot_main_figures/build_Figure2_TOP100_FINAL.R,scripts_TOP100_revision/14_plot_main_figures/build_Figure2_TOP100_FINAL.R,d1f1b3cf76075e403896bcf3ca1563bf0742f59d9d258d7cb7d324dbd9dbf6ea,5389878b9f535f9f37c7efa068dd1bce4b9122ed4baf09875b9fa6772727992b,path_tokenization_only,FALSE
code/07_figures_and_tables/14_plot_main_figures/14h_build_Figure2d_NS_order_TOP100.R,scripts_TOP100_revision/14_plot_main_figures/14h_build_Figure2d_NS_order_TOP100.R,scripts_TOP100_revision/14_plot_main_figures/14h_build_Figure2d_NS_order_TOP100.R,9c0cfe4e9c9240373315580aa000d3a841353062f593021d33afa0586ebcd607,4f3d730ede4ab1ca62370912e50c98be7333df0eee85ded0d0024f524ba1d36f,path_tokenization_only,FALSE
code/07_figures_and_tables/14_plot_main_figures/build_Figure3_TOP100_FINAL.R,scripts_TOP100_revision/14_plot_main_figures/build_Figure3_TOP100_FINAL.R,scripts_TOP100_revision/14_plot_main_figures/build_Figure3_TOP100_FINAL.R,d7715c8dcb2406f89a80fef10d721e9e3f4706559e0b9a1b4a0160ae4792de36,e0845f2c7c6bd1ad234cd7d4fc532294f19f6e25add911e27f3985103a9b1279,path_tokenization_only,FALSE
code/07_figures_and_tables/15_plot_SI_figures/build_SI_TOP100_FINAL.R,scripts_TOP100_revision/15_plot_SI_figures/build_SI_TOP100_FINAL.R,scripts_TOP100_revision/15_plot_SI_figures/build_SI_TOP100_FINAL.R,1d70a67f188ca6bb4d70c0aa042803232608e6f0d0236f00fc2941e8c70e9068,ae0ef6cdfca19fc7bdcf602e65e170eb8392ac89146302064ac6cee1ecc46f9c,path_tokenization_only,FALSE
code/07_figures_and_tables/16_build_workbook/16a_build_result_registry_TOP100.py,scripts_TOP100_revision/16_build_workbook/16a_build_result_registry_TOP100.py,scripts_TOP100_revision/16_build_workbook/16a_build_result_registry_TOP100.py,227a9c7bd917c6a985db62f815d562f12eb27a61ae78e7c614da0330b7d59d2f,6ff02683aadf385705bbb3f055c692538b0c95eb8aa9199c809b4f76f85303d6,path_tokenization_only,FALSE
code/07_figures_and_tables/16_build_workbook/16d_build_DATA_PRODUCTS_AND_PROCESSING.mjs,scripts_TOP100_revision/16_build_workbook/16d_build_DATA_PRODUCTS_AND_PROCESSING.mjs,scripts_TOP100_revision/16_build_workbook/16d_build_DATA_PRODUCTS_AND_PROCESSING.mjs,233c9a4cb55c81256069f0afc6172742b360dddbe443ff7b8e96c4c8edaf85f8,469f59e9efa41b607e3173fe70e2d860f2209b33c8e47de42ecb8ff2c0188705,path_tokenization_only,FALSE
code/07_figures_and_tables/16_build_workbook/16e_build_SI_INDEX_AND_TABLES.mjs,scripts_TOP100_revision/16_build_workbook/16e_build_SI_INDEX_AND_TABLES.mjs,scripts_TOP100_revision/16_build_workbook/16e_build_SI_INDEX_AND_TABLES.mjs,21a0df2bdcec2ccfc167043cc8288f6fb5cb8cc5643bb3218ea93ec187dd0207,1aeb5905cdefb87656bb3cf746f29c442acf30fa68dce466c907da31e8d49648,path_tokenization_only,FALSE
code/07_figures_and_tables/16_build_workbook/16c_finalize_manifests_TOP100.py,scripts_TOP100_revision/16_build_workbook/16c_finalize_manifests_TOP100.py,scripts_TOP100_revision/16_build_workbook/16c_finalize_manifests_TOP100.py,1c105c1d38df210f00239668108aa16c3b50a54f8046c7a307ecfd7f440fe306,644132c5a5ea6aa2126df5ba22ca8afb0501280aabe9bc59a96ec654c59d5982,path_tokenization_only,FALSE
code/07_figures_and_tables/16_build_workbook/16b_build_ALL_RESULTS_AND_METHODS_DETAIL.mjs,scripts_TOP100_revision/16_build_workbook/16b_build_ALL_RESULTS_AND_METHODS_DETAIL.mjs,scripts_TOP100_revision/16_build_workbook/16b_build_ALL_RESULTS_AND_METHODS_DETAIL.mjs,2587f00d7274eedc21c8845596bb9b3dd1b616ada84146c607c066b1ced43f44,e8d31d9b97c653bb7a57fd209a9da972749344bb0b750711960cb07f8d607b7b,path_tokenization_only,FALSE
code/07_figures_and_tables/16_build_workbook/16f_build_final_QA_TOP100.py,scripts_TOP100_revision/16_build_workbook/16f_build_final_QA_TOP100.py,scripts_TOP100_revision/16_build_workbook/16f_build_final_QA_TOP100.py,cbe7fa9adeb1e96f1766071825cf392599336aee102d1994c2d9c4a5bd0b0514,9c86003df36bf01a1f74713785fb9b450e98b48a4ff7595c83c93e0a0a05bf81,path_tokenization_only,FALSE
code/06_validation/QA/audit_longitude_alignment_TOP100.R,scripts_TOP100_revision/QA/audit_longitude_alignment_TOP100.R,scripts_TOP100_revision/QA/audit_longitude_alignment_TOP100.R,b0b8739b2bdaa26a952c9430fb23901eb782a93f6274a7666d2d9c151f219be6,0f0635d5ba71a511e247a556ff90bdb76c0507733223f54f3b65cd95f689b109,path_tokenization_only,FALSE
code/03_trends_and_decomposition/canonical_followup/00_compute_fig1_exact_spatial_block_ci.R,CANONICAL_WGPE_TOP100_v2/07_SCRIPTS/00_compute_fig1_exact_spatial_block_ci.R,CANONICAL_WGPE_TOP100_v2/07_SCRIPTS/00_compute_fig1_exact_spatial_block_ci.R,b1c81785847df486e8553d811b9c5f033dd1b959689e8ce26c39585f65bd34f5,505868de5d8911e13006b9e803c44328ed57789ba0eaa408f1b4601d78c6094f,path_tokenization_only,FALSE
code/07_figures_and_tables/canonical_build/01_build_Figure1_locked_layout_exact_data.R,CANONICAL_WGPE_TOP100_v2/07_SCRIPTS/01_build_Figure1_locked_layout_exact_data.R,CANONICAL_WGPE_TOP100_v2/07_SCRIPTS/01_build_Figure1_locked_layout_exact_data.R,dfffda7f93b8bd8b1222198ece846005c50b25ce6357e0f5667db9a10f061d26,88346d14dc89328d43dbeec5c7c1722783293f5579f3010736cc41fd0d54faec,path_tokenization_only,FALSE
code/07_figures_and_tables/canonical_build/02_fig1_reference_and_canonical_sensitivity.R,CANONICAL_WGPE_TOP100_v2/07_SCRIPTS/02_fig1_reference_and_canonical_sensitivity.R,CANONICAL_WGPE_TOP100_v2/07_SCRIPTS/02_fig1_reference_and_canonical_sensitivity.R,fdd34285ce96f145d7f1da73888e766cbbf383aba6d6bdc6e20dff7dd8e44738,29dbfad12ef0c601dc252e5f5c130faafadf8ed097cac24129e07b1d4f9fe667,path_tokenization_only,FALSE
code/04_hydroclimate/postpublication_sensitivity/03_fig2e_monthly_oof_and_resolution.R,CANONICAL_WGPE_TOP100_v2/07_SCRIPTS/03_fig2e_monthly_oof_and_resolution.R,CANONICAL_WGPE_TOP100_v2/07_SCRIPTS/03_fig2e_monthly_oof_and_resolution.R,fa0527c967384aca8319907455a502fd808b01164524c8019af7259f46e76c88,0edd9df4a09f6e04f879095ec477cfc2b7805d6f002066ab722f46934cc05829,path_tokenization_only,FALSE
code/04_hydroclimate/postpublication_sensitivity/04_fig2e_pooled_and_bootstrap.R,CANONICAL_WGPE_TOP100_v2/07_SCRIPTS/04_fig2e_pooled_and_bootstrap.R,CANONICAL_WGPE_TOP100_v2/07_SCRIPTS/04_fig2e_pooled_and_bootstrap.R,1bc31796c19eddfd1175a8064f3090c4d7187c6d698287b1f2bb7c8e1cd3a00e,84c221f6ab9c5e61c40c0cee5325c4ad0d80ee610c9d9f91b0bb94a758bb3789,path_tokenization_only,FALSE
code/05_ecology/postpublication_sensitivity/05_fig3f_lag3_hac_resolution.R,CANONICAL_WGPE_TOP100_v2/07_SCRIPTS/05_fig3f_lag3_hac_resolution.R,CANONICAL_WGPE_TOP100_v2/07_SCRIPTS/05_fig3f_lag3_hac_resolution.R,a5ca8a22d5052d9dc2dc1a4a0b9724937b7960119ca835c488eb4a8ec1c89839,ebfde0e097f2a782ad3a94ee71ea12a3ff0e5bd593b50c6645f6802942e3a27b,path_tokenization_only,FALSE
code/05_ecology/postpublication_sensitivity/06_fig3f_common_grid_summary.R,CANONICAL_WGPE_TOP100_v2/07_SCRIPTS/06_fig3f_common_grid_summary.R,CANONICAL_WGPE_TOP100_v2/07_SCRIPTS/06_fig3f_common_grid_summary.R,aac6819cf1f5befccbf1696c745738929bb476f5e799f2f5ba3a35843203adf4,ae7484a5e18eb759329377b5ff13453b67cdb498ebf04590f4d8e254fe655c89,path_tokenization_only,FALSE
code/04_hydroclimate/postpublication_sensitivity/07_fig2e_fully_nested_preprocessing_sensitivity.R,CANONICAL_WGPE_TOP100_v2/07_SCRIPTS/07_fig2e_fully_nested_preprocessing_sensitivity.R,CANONICAL_WGPE_TOP100_v2/07_SCRIPTS/07_fig2e_fully_nested_preprocessing_sensitivity.R,d158f445f7206e23876f99cb89c976d12bc5129d338a6bb6d2792ab03f66b883,3262dd477db692080801922da2750279b43c5cc9cbfe330fba6b5173fef8094e,path_tokenization_only,FALSE
code/04_hydroclimate/postpublication_sensitivity/08_wetdry_spatiotemporal_bootstrap.R,CANONICAL_WGPE_TOP100_v2/07_SCRIPTS/08_wetdry_spatiotemporal_bootstrap.R,CANONICAL_WGPE_TOP100_v2/07_SCRIPTS/08_wetdry_spatiotemporal_bootstrap.R,65f3e657641189f3fc0ab0730c170e6676179fe2b7d260fb9c7398aee8487980,9fe5a2ea2466eac2acf8cabe0666c466d8bd21dd4996f235fb3882784dcd42fe,path_tokenization_only,FALSE
code/04_hydroclimate/postpublication_sensitivity/08a_prepare_wetdry_annual_chunk.R,CANONICAL_WGPE_TOP100_v2/07_SCRIPTS/08a_prepare_wetdry_annual_chunk.R,CANONICAL_WGPE_TOP100_v2/07_SCRIPTS/08a_prepare_wetdry_annual_chunk.R,a2fd43d68adca1dbecdc29bf7e91842ab8bcb25a35d113aeb317dc5024507402,15608570c669a5d5e9e81495903cd4b977b2b8445af785361991bff8285880dd,path_tokenization_only,FALSE
code/04_hydroclimate/postpublication_sensitivity/08b_finalize_wetdry_spatiotemporal_bootstrap.R,CANONICAL_WGPE_TOP100_v2/07_SCRIPTS/08b_finalize_wetdry_spatiotemporal_bootstrap.R,CANONICAL_WGPE_TOP100_v2/07_SCRIPTS/08b_finalize_wetdry_spatiotemporal_bootstrap.R,ba7f854e7a38be3f5db281f28d554cea80bcea5349eef2ec161580e273b9b640,9b56ecbea2322affa8f89d7c2c3949849edb92a7695d97878535ba7c200ef2c6,path_tokenization_only,FALSE
code/03_trends_and_decomposition/canonical_followup/09_main_trend_uncertainty_concentrated.R,CANONICAL_WGPE_TOP100_v2/07_SCRIPTS/09_main_trend_uncertainty_concentrated.R,CANONICAL_WGPE_TOP100_v2/07_SCRIPTS/09_main_trend_uncertainty_concentrated.R,6fa71846410e05f2497fe1ff867f25a1f983c238c342bff56461f8676c18611d,b0b15e5b04fbd2f827affb66d61b557001b93d4798cc81cb64e9558288903197,path_tokenization_only,FALSE
code/support/canonical_support/10_build_software_seed_ledger.R,CANONICAL_WGPE_TOP100_v2/07_SCRIPTS/10_build_software_seed_ledger.R,CANONICAL_WGPE_TOP100_v2/07_SCRIPTS/10_build_software_seed_ledger.R,ac98dd256771b1b18b20c0fffeeb3c1e219602b9817c5f60c189a7f3b602a2a7,393835999ac4757e81a25d46f19485e1d85fe71b893997c1bc40804a18bb7ce7,path_tokenization_only,FALSE
code/07_figures_and_tables/canonical_build/build_Figure1_TOP100_FINAL_v5.R,CANONICAL_WGPE_TOP100_v2/07_SCRIPTS/build_Figure1_TOP100_FINAL_v5.R,CANONICAL_WGPE_TOP100_v2/07_SCRIPTS/build_Figure1_TOP100_FINAL_v5.R,c14a6fbf7b2fc1e5121d6532322532a7518e0ed0f302bdd473a8c543367460a8,d283c70fc9cc92cf4036b8d7cc04c727141e2ef6c04e03cc1195fdc65a968de0,path_tokenization_only,FALSE
code/07_figures_and_tables/canonical_build/build_Figure2_TOP100_FINAL_v5.R,CANONICAL_WGPE_TOP100_v2/07_SCRIPTS/build_Figure2_TOP100_FINAL_v5.R,CANONICAL_WGPE_TOP100_v2/07_SCRIPTS/build_Figure2_TOP100_FINAL_v5.R,6ce08b951881b751c2b8c2ea906dea3e3cd527a49680713f1e5bfe46e6288163,a0417c87a694e7de8930a04222fd3a75847d5ade9f91ee756706b02891c3e327,path_tokenization_only,FALSE
code/07_figures_and_tables/canonical_build/build_Figure3_TOP100_FINAL_v5.R,CANONICAL_WGPE_TOP100_v2/07_SCRIPTS/build_Figure3_TOP100_FINAL_v5.R,CANONICAL_WGPE_TOP100_v2/07_SCRIPTS/build_Figure3_TOP100_FINAL_v5.R,5f4f48d6d4fcedc0dc7e597c87ba6cffc2348c687ab076c8a1eeaacd05e780dd,9fe4230524118402dbef3f1748070524fede26311a0bb17f200a24627197925d,path_tokenization_only,FALSE
code/05_ecology/postpublication_sensitivity/LAI_coverage_sensitivity_FULL.R,CANONICAL_WGPE_TOP100_v2/07_SCRIPTS/LAI_coverage_sensitivity_FULL.R,CANONICAL_WGPE_TOP100_v2/07_SCRIPTS/LAI_coverage_sensitivity_FULL.R,5cad5ba8b26df90038ebd0686be098968ec27c9652b43121262a68c1a919092a,8189c2ed5edc1389dc823e3efc999c0cb067510bf03d165a4008afa1573c6554,path_tokenization_only,FALSE
code/05_ecology/postpublication_sensitivity/run_LAI_coverage_sensitivity.sh,CANONICAL_WGPE_TOP100_v2/07_SCRIPTS/run_LAI_coverage_sensitivity.sh,CANONICAL_WGPE_TOP100_v2/07_SCRIPTS/run_LAI_coverage_sensitivity.sh,a6a4d7e6ca02e6947f270ef156743d4a6d32170b7ed5f7213ab6699cd6c4b472,82bb98441f1470e3b7285667af03a0796ef1866e561b9b1ace72d7cdfee68bcb,path_tokenization_only,FALSE
code/04_hydroclimate/postpublication_sensitivity/run_wetdry_spatiotemporal.ps1,CANONICAL_WGPE_TOP100_v2/07_SCRIPTS/run_wetdry_spatiotemporal.ps1,CANONICAL_WGPE_TOP100_v2/07_SCRIPTS/run_wetdry_spatiotemporal.ps1,01a01018db8affc1c2f17fa67fba5e1175448616950c02ba9be8ca3b9b8eca4e,05c536d8fd81d14186bc1de5ae622f1c8171a9b7a630f47fbdc2f68cb7d5ce7a,path_tokenization_only,FALSE
code/04_hydroclimate/postpublication_sensitivity/fig2e_fully_nested_preprocessing_sensitivity.cpp,CANONICAL_WGPE_TOP100_v2/07_SCRIPTS/support/fig2e_fully_nested_preprocessing_sensitivity.cpp,CANONICAL_WGPE_TOP100_v2/07_SCRIPTS/support/fig2e_fully_nested_preprocessing_sensitivity.cpp,384419159b00c98a8bf354b74d4b5c904d9b898b5db9b1fb4b73a04bfd1f80fe,384419159b00c98a8bf354b74d4b5c904d9b898b5db9b1fb4b73a04bfd1f80fe,verbatim_copy,FALSE
code/04_hydroclimate/postpublication_sensitivity/fig2e_oof_predictions_training_only.cpp,CANONICAL_WGPE_TOP100_v2/07_SCRIPTS/support/fig2e_oof_predictions_training_only.cpp,CANONICAL_WGPE_TOP100_v2/07_SCRIPTS/support/fig2e_oof_predictions_training_only.cpp,b0a3d4f73d5e62953173c1820a3c84c4c9f413bbb6b5b9417057ec0a5105b801,b0a3d4f73d5e62953173c1820a3c84c4c9f413bbb6b5b9417057ec0a5105b801,verbatim_copy,FALSE
code/04_hydroclimate/postpublication_sensitivity/wetdry_spatiotemporal_bootstrap.cpp,CANONICAL_WGPE_TOP100_v2/07_SCRIPTS/support/wetdry_spatiotemporal_bootstrap.cpp,CANONICAL_WGPE_TOP100_v2/07_SCRIPTS/support/wetdry_spatiotemporal_bootstrap.cpp,2f96ba9fc1ff39dbbcf345011378e92d6e782cf61ce1e5c7a68ef1635b353629,2f96ba9fc1ff39dbbcf345011378e92d6e782cf61ce1e5c7a68ef1635b353629,verbatim_copy,FALSE
