file,role,license,third_party_dependency,sha256
source_data/final/CLIMATE_ZONE_DEFINITION.csv,final compact statistical/panel source data,CC BY 4.0,Derived from products listed in data/DATA_PROVENANCE.csv; raw provider data not included.,5f23c6b26a17bf80a875de11237865169c34517223bfee2f7540f1806a649d81
source_data/final/Ecology_field_significance_final.csv,final compact statistical/panel source data,CC BY 4.0,Derived from products listed in data/DATA_PROVENANCE.csv; raw provider data not included.,b8dd794a77bf09ddcb1778c103b41cb224996cf38ec306cd26020c9aa53c9485
source_data/final/Fig1a_source.csv,final compact statistical/panel source data,CC BY 4.0,Derived from products listed in data/DATA_PROVENANCE.csv; raw provider data not included.,ccda549789d3f62ba2d3f03d224cd73cc505155a7d0ff4e9f08400473f25e039
source_data/final/Fig1b_source.csv,final compact statistical/panel source data,CC BY 4.0,Derived from products listed in data/DATA_PROVENANCE.csv; raw provider data not included.,a01ede8e7c4761a8c2ad6f1d38184eaf31a1d5f990c2addd2a6addb6dfc34db3
source_data/final/Fig1c_source.csv,final compact statistical/panel source data,CC BY 4.0,Derived from products listed in data/DATA_PROVENANCE.csv; raw provider data not included.,eb88f3ec0c03e7eadd3cb1deffd7b9549ff64a6529bb66c10942bc96ca50228e
source_data/final/Fig1d_source.csv,final compact statistical/panel source data,CC BY 4.0,Derived from products listed in data/DATA_PROVENANCE.csv; raw provider data not included.,8c3ecbef4b4980f97cf41441c6186f50143584cdc157faf2ce24acfa283efad3
source_data/final/Fig1g_source.csv,final compact statistical/panel source data,CC BY 4.0,Derived from products listed in data/DATA_PROVENANCE.csv; raw provider data not included.,6075f8673948c08fbe9ba67fe9037f671b4d840f7b6c9f6c31bbadbed5adc96f
source_data/final/Fig2a_source.csv,final compact statistical/panel source data,CC BY 4.0,Derived from products listed in data/DATA_PROVENANCE.csv; raw provider data not included.,c71190d0558e3b3226b5914ab1e24c54bd2f4e8dc355b631bb92e95ec0e773db
source_data/final/Fig2b_source.csv,final compact statistical/panel source data,CC BY 4.0,Derived from products listed in data/DATA_PROVENANCE.csv; raw provider data not included.,ff44ecc192c76c17308c42b7c34e0246bd403f13e7da88ee3403ebf6fd4b96ec
source_data/final/Fig2c_source.csv,final compact statistical/panel source data,CC BY 4.0,Derived from products listed in data/DATA_PROVENANCE.csv; raw provider data not included.,51a6836d0614bef3468d647532d83c203c15aae4f64b34150e47786df2ea38ca
source_data/final/Fig2d_source.csv,final compact statistical/panel source data,CC BY 4.0,Derived from products listed in data/DATA_PROVENANCE.csv; raw provider data not included.,a883955ce4a85e856ab621e05188c8748d4cf6e3f039538f1a5cb61fa7ba8c33
source_data/final/Fig3a_source.csv,final compact statistical/panel source data,CC BY 4.0,Derived from products listed in data/DATA_PROVENANCE.csv; raw provider data not included.,1dd596fc24be5fc66634136d62e2656ba2120fcce3aecebdfdc84a94d94f782a
source_data/final/Fig3b_source.csv,final compact statistical/panel source data,CC BY 4.0,Derived from products listed in data/DATA_PROVENANCE.csv; raw provider data not included.,c4d6ea57d2585698a3a47e894974e845d3a0b005f612b13e60fdcf4ef2d015f4
source_data/final/Fig3c_source.csv,final compact statistical/panel source data,CC BY 4.0,Derived from products listed in data/DATA_PROVENANCE.csv; raw provider data not included.,eeba5117ca1ca67a219da5bfb98d45b67464f8c44c8adedbc0afb588ee675d3a
source_data/final/Fig3d_source.csv,final compact statistical/panel source data,CC BY 4.0,Derived from products listed in data/DATA_PROVENANCE.csv; raw provider data not included.,479a235f4cfd7a58f37f4658910f35f19ef8f85a458f72c2b3cfe267fa62c612
source_data/final/Fig3e_source.csv,final compact statistical/panel source data,CC BY 4.0,Derived from products listed in data/DATA_PROVENANCE.csv; raw provider data not included.,131ad6ebe370a025b0743925aea54f5fc514ff9bd24761d6994caf32a469cff2
source_data/final/Figure1_canonical_bridge_final.csv,final compact statistical/panel source data,CC BY 4.0,Derived from products listed in data/DATA_PROVENANCE.csv; raw provider data not included.,407ef93117e4889fb573c06fcece8a4d2e2b9eadd367e9f3cacba144ac3753e5
source_data/final/Figure1_reference_sensitivity_final.csv,final compact statistical/panel source data,CC BY 4.0,Derived from products listed in data/DATA_PROVENANCE.csv; raw provider data not included.,a172c91ce09f28334324bdc228d3fef66fad93e1538f23ba17a9e4dd859a9862
source_data/final/Figure1e_exact_6_source_final.csv,final compact statistical/panel source data,CC BY 4.0,Derived from products listed in data/DATA_PROVENANCE.csv; raw provider data not included.,af39860f60f1714367b63d84fae1b4f0a72a8f48729fed2a1a7d5d86477a6fff
source_data/final/Figure1e_source_final.csv,final compact statistical/panel source data,CC BY 4.0,Derived from products listed in data/DATA_PROVENANCE.csv; raw provider data not included.,a714f537f6b099ec5ced1adf4f2a25498dce6fdbc57163ce31528e7c40fb824a
source_data/final/Figure1f_source_final.csv,final compact statistical/panel source data,CC BY 4.0,Derived from products listed in data/DATA_PROVENANCE.csv; raw provider data not included.,ecd5a09d36309a78130d7bf286a19ee676993f60cc8538e72bb8747cf4a28fd2
source_data/final/Figure2e_absolute_model_skill_final.csv,final compact statistical/panel source data,CC BY 4.0,Derived from products listed in data/DATA_PROVENANCE.csv; raw provider data not included.,b76eb920251a1fa40bbd88d97adf6f3284e13898523ac5941612fe01a06510cb
source_data/final/Figure2e_absolute_model_skill_fully_nested.csv,final compact statistical/panel source data,CC BY 4.0,Derived from products listed in data/DATA_PROVENANCE.csv; raw provider data not included.,6ffa2123b2ec7eddd1edeea35fa1dc00daaf67bc17cd21e99f47f46c5a959250
source_data/final/Figure2e_climate_bands_final.csv,final compact statistical/panel source data,CC BY 4.0,Derived from products listed in data/DATA_PROVENANCE.csv; raw provider data not included.,2eb912cc9efebe7917cb11b1f5c3f50250bb62e7ffb9b7a40c1012738a0721a2
source_data/final/Figure2e_climate_zones_fully_nested.csv,final compact statistical/panel source data,CC BY 4.0,Derived from products listed in data/DATA_PROVENANCE.csv; raw provider data not included.,cd2f46c00ccc0133a46ef64e6753a94ab2966a028c7439ebca9d425046b0c883
source_data/final/Figure2e_source_final.csv,final compact statistical/panel source data,CC BY 4.0,Derived from products listed in data/DATA_PROVENANCE.csv; raw provider data not included.,0df43334ec6242131f93ccf0031e5cd303bb7f933a2867b271d32002be15692e
source_data/final/Figure2e_source_fullperiod_preprocessing_sensitivity.csv,final compact statistical/panel source data,CC BY 4.0,Derived from products listed in data/DATA_PROVENANCE.csv; raw provider data not included.,3e91f99c1f226d2197801d9803066704cf0b0e5d0566649b48a9c37dd28e0006
source_data/final/Figure2e_temporal_fold_correction_comparison.csv,final compact statistical/panel source data,CC BY 4.0,Derived from products listed in data/DATA_PROVENANCE.csv; raw provider data not included.,9205fe2ff1fc95e039f2d7fd375aaffbc724841409d3a86200877388508dccd8
source_data/final/Figure2e_temporal_fold_sensitivity_equal_duration.csv,final compact statistical/panel source data,CC BY 4.0,Derived from products listed in data/DATA_PROVENANCE.csv; raw provider data not included.,1a902bb3c444f9016e612745e5ade6b5bb8101b34ac10cb148ad0ba051805c71
source_data/final/Figure2e_terminal_2024_holdout.csv,final compact statistical/panel source data,CC BY 4.0,Derived from products listed in data/DATA_PROVENANCE.csv; raw provider data not included.,918ab55fc081038adf905376d43337c4f57e4317cbca6c551d639b4569826540
source_data/final/Figure3f_common_sample_final.csv,final compact statistical/panel source data,CC BY 4.0,Derived from products listed in data/DATA_PROVENANCE.csv; raw provider data not included.,9f6fdc1379c96dc011b3176382439c04e95c3e908f68b35a3548b6802183014d
source_data/final/Figure3f_CV_effect_final.csv,final compact statistical/panel source data,CC BY 4.0,Derived from products listed in data/DATA_PROVENANCE.csv; raw provider data not included.,05a4863c850c86c04d48a28935df69247b1203cd41e5f5899fede1d6aaf450dd
source_data/final/Figure3f_HAC_sensitivity_final.csv,final compact statistical/panel source data,CC BY 4.0,Derived from products listed in data/DATA_PROVENANCE.csv; raw provider data not included.,d2e59a5609fa2758619c9879abb69eee4d6c15a40b5b4dcd070de3105599473d
source_data/final/Figure3f_residual_diagnostics_final.csv,final compact statistical/panel source data,CC BY 4.0,Derived from products listed in data/DATA_PROVENANCE.csv; raw provider data not included.,783b85f6096ad27dd169a8e35d2c99b9fdf7f85369d53873df7e3cdfea00121c
source_data/final/Figure3f_source_final.csv,final compact statistical/panel source data,CC BY 4.0,Derived from products listed in data/DATA_PROVENANCE.csv; raw provider data not included.,f7739a694b29aa93bb32ddcdf1ba755e7bb793711f1f9762e64917d4cf371ce0
source_data/final/LAI_coverage_field_significance.csv,final compact statistical/panel source data,CC BY 4.0,Derived from products listed in data/DATA_PROVENANCE.csv; raw provider data not included.,660be0e2313f561a9bb84c3878c7ec57caa9445ae51d0b5daf8d28556a481bcd
source_data/final/LAI_coverage_sample_distribution.csv,final compact statistical/panel source data,CC BY 4.0,Derived from products listed in data/DATA_PROVENANCE.csv; raw provider data not included.,a20e7680857525f9a0dcbb56dc53f87a28dd6066cdabe11c10a2e6194295d905
source_data/final/LAI_coverage_sensitivity_climate_zones.csv,final compact statistical/panel source data,CC BY 4.0,Derived from products listed in data/DATA_PROVENANCE.csv; raw provider data not included.,525d8b5e77d1ebc8ff706ad34b41b0520980f15c60e5427a92d159b3fe082231
source_data/final/LAI_coverage_sensitivity_global.csv,final compact statistical/panel source data,CC BY 4.0,Derived from products listed in data/DATA_PROVENANCE.csv; raw provider data not included.,5a7fd0eed2078192a3929bfb22fbef8d5dedc572777193dd592f8ba9f0a00361
source_data/final/MAIN_TREND_START_YEAR_SENSITIVITY.csv,final compact statistical/panel source data,CC BY 4.0,Derived from products listed in data/DATA_PROVENANCE.csv; raw provider data not included.,a63f7705e92111a1c9304398c6ae1e0ad66544b391165dfd5d831d2f14d00f87
source_data/final/MAIN_TREND_START_YEAR_SUMMARY.csv,final compact statistical/panel source data,CC BY 4.0,Derived from products listed in data/DATA_PROVENANCE.csv; raw provider data not included.,be41bbaaa355b6ce4f73ff5684741b12c58b4b6b2c059aba4170133eab234704
source_data/final/MAIN_TREND_UNCERTAINTY_CONCENTRATED.csv,final compact statistical/panel source data,CC BY 4.0,Derived from products listed in data/DATA_PROVENANCE.csv; raw provider data not included.,c04ea4809d266650a6198d872f0fe4612420c177927383a349c199547fa9270b
source_data/final/WET_DRY_SPATIOTEMPORAL_UNCERTAINTY_GLOBAL.csv,final compact statistical/panel source data,CC BY 4.0,Derived from products listed in data/DATA_PROVENANCE.csv; raw provider data not included.,8e8ebf2ab8ae9ff9e5ba95be98c5351c7bae64659ff0ba5ee87dd1e5362ddfcb
source_data/registry/WGPE_PUBLIC_RESULT_REGISTRY.csv,public result registry with non-current records excluded,CC BY 4.0,Author-generated result metadata.,403bb911f783d70c70a6eac03937fa917810d61e5bb72cd855abdd06465ef004
