dataset,provider,product_version,variables_used,spatial_resolution,temporal_resolution,period_used,official_url,doi_or_identifier,access_date,license_or_terms,redistributed_in_release,release_files_derived_from_dataset,notes
ERA5,Copernicus Climate Change Service / ECMWF,ERA5,"pressure-level specific humidity and geopotential; surface pressure, 2-m temperature, 2-m dew point, precipitation, surface solar radiation downwards",harmonized to 1 degree,monthly,1979-01 to 2024-12,https://cds.climate.copernicus.eu/datasets/reanalysis-era5-pressure-levels-monthly-means,ERA5; Hersbach et al. (2020),2026-08-11,Copernicus data terms; verify current terms at access,NO,compact statistical Source Data and figures,Raw/provider arrays excluded.
ERA5-Land,Copernicus Climate Change Service / ECMWF,ERA5-Land,soil water layers used to construct 0-100 cm root-zone soil moisture,native product; regridded to 1 degree,monthly,target-specific ecology periods,https://cds.climate.copernicus.eu/datasets/reanalysis-era5-land-monthly-means,Muñoz-Sabater et al. (2021),2026-08-11,Copernicus data terms; verify current terms at access,NO,ecology summary Source Data,Raw/provider arrays excluded.
JRA-55,Japan Meteorological Agency,JRA-55,"monthly specific humidity, geopotential height and surface pressure",1.25 degree native; diagnostics mapped to 1 degree,monthly,1982-01 to 2023-12,https://jra.kishou.go.jp/JRA-55/index_en.html,Kobayashi et al. (2015),2026-08-11,REVIEW_REQUIRED: verify JMA redistribution terms,NO,compact validation summaries only,No GRIB files included.
RHARM,Copernicus Climate Data Store,RHARM v1,"homogenized radiosonde temperature, relative humidity and geopotential height",station profiles,00/12 UTC profiles summarized monthly,1982-01 to 2020-04,https://cds.climate.copernicus.eu/,Madonna et al. (2022); exact product URL/identifier REVIEW_REQUIRED,2026-08-11,REVIEW_REQUIRED,NO,registry-level validation summaries,Station observations are not redistributed.
GOSIF-GPP v2,Global Ecology Group / product authors,v2,gross primary productivity,0.05 degree aggregated to 1 degree,monthly,2000-03 to 2024-12,https://globalecology.unh.edu/data/GOSIF-GPP.html,Li and Xiao (2019); data DOI REVIEW_REQUIRED,2026-08-11,REVIEW_REQUIRED,NO,compact ecology summaries,Raw raster/time-series product excluded.
GIMMS LAI4g v1.2,Product authors / Zenodo record,v1.2,leaf area index,1/12 degree aggregated to 1 degree,half-monthly aggregated to monthly,2000-01 to 2020-12,https://zenodo.org/,Cao et al. (2023); exact v1.2 record REVIEW_REQUIRED,2026-08-11,REVIEW_REQUIRED,NO,compact ecology and coverage summaries,Raw product excluded.
MCD12C1,NASA LP DAAC,Collection 6.1,IGBP land-cover class,annual product aggregated by modal area class to 1 degree,annual,target-specific ecology periods,https://lpdaac.usgs.gov/products/mcd12c1v061/,10.5067/MODIS/MCD12C1.061,2026-08-11,NASA Earthdata terms; attribution required,NO,domain masks represented only through summaries,Raw and 1-degree class rasters excluded.
NOAA PSL Niño3.4,NOAA Physical Sciences Laboratory,monthly Niño3.4 anomaly series,continuous Niño3.4 anomaly,index,monthly,1979-01 to 2024-12,https://psl.noaa.gov/gcos_wgsp/Timeseries/Nino34/,NOAA PSL climate index,2026-08-11,NOAA data-use terms,NO,OOF and ENSO summary tables,Cleaned index input not redistributed.
NOAA CPC ONI,NOAA Climate Prediction Center,Oceanic Niño Index,ENSO event inventory,index,overlapping 3-month seasons,1979-2024 event inventory,https://www.cpc.ncep.noaa.gov/products/analysis_monitoring/ensostuff/ONI_v5.php,NOAA CPC ONI,2026-08-11,NOAA data-use terms,NO,ENSO composite summaries,Original index file excluded.
Global monthly mean CO2,NOAA Global Monitoring Laboratory,global monthly mean CO2,atmospheric CO2 covariate,global index,monthly,target-specific ecology periods,https://gml.noaa.gov/ccgg/trends/gl_data.html,NOAA GML global trends,2026-08-11,REVIEW_REQUIRED: verify citation and redistribution instructions,NO,ecology summary Source Data,Original series excluded.
