output_id,manuscript_location,output_type,generation_script,required_input,generated_file,source_data_file,expected_headline_values,verification_status
Figure 1 panel a,Figure 1,figure panel,code/07_figures_and_tables/canonical_build/build_Figure1_TOP100_FINAL_v5.R,included compact source for numerical panels; external gridded products for maps,figures/Figure1_TOP100_FINAL_v5.png,source_data/final/Fig1a_source.csv,See public result registry and source table,source registered; full map regeneration requires external inputs
Figure 1 panel b,Figure 1,figure panel,code/07_figures_and_tables/canonical_build/build_Figure1_TOP100_FINAL_v5.R,included compact source for numerical panels; external gridded products for maps,figures/Figure1_TOP100_FINAL_v5.png,source_data/final/Fig1b_source.csv,See public result registry and source table,source registered; full map regeneration requires external inputs
Figure 1 panel c,Figure 1,figure panel,code/07_figures_and_tables/canonical_build/build_Figure1_TOP100_FINAL_v5.R,included compact source for numerical panels; external gridded products for maps,figures/Figure1_TOP100_FINAL_v5.png,source_data/final/Fig1c_source.csv,See public result registry and source table,source registered; full map regeneration requires external inputs
Figure 1 panel d,Figure 1,figure panel,code/07_figures_and_tables/canonical_build/build_Figure1_TOP100_FINAL_v5.R,included compact source for numerical panels; external gridded products for maps,figures/Figure1_TOP100_FINAL_v5.png,source_data/final/Fig1d_source.csv,See public result registry and source table,source registered; full map regeneration requires external inputs
Figure 1 panel e,Figure 1,figure panel,code/07_figures_and_tables/canonical_build/build_Figure1_TOP100_FINAL_v5.R,included compact source for numerical panels; external gridded products for maps,figures/Figure1_TOP100_FINAL_v5.png,source_data/final/Figure1e_source_final.csv,See public result registry and source table,source registered; full map regeneration requires external inputs
Figure 1 panel f,Figure 1,figure panel,code/07_figures_and_tables/canonical_build/build_Figure1_TOP100_FINAL_v5.R,included compact source for numerical panels; external gridded products for maps,figures/Figure1_TOP100_FINAL_v5.png,source_data/final/Figure1f_source_final.csv,See public result registry and source table,source registered; full map regeneration requires external inputs
Figure 1 panel g,Figure 1,figure panel,code/07_figures_and_tables/canonical_build/build_Figure1_TOP100_FINAL_v5.R,included compact source for numerical panels; external gridded products for maps,figures/Figure1_TOP100_FINAL_v5.png,source_data/final/Fig1g_source.csv,See public result registry and source table,source registered; full map regeneration requires external inputs
Figure 2 panel a,Figure 2,figure panel,code/07_figures_and_tables/canonical_build/build_Figure2_TOP100_FINAL_v5.R,included compact source for numerical panels; external gridded products for maps,figures/Figure2_TOP100_FINAL_v5.png,source_data/final/Fig2a_source.csv,See public result registry and source table,source registered; full map regeneration requires external inputs
Figure 2 panel b,Figure 2,figure panel,code/07_figures_and_tables/canonical_build/build_Figure2_TOP100_FINAL_v5.R,included compact source for numerical panels; external gridded products for maps,figures/Figure2_TOP100_FINAL_v5.png,source_data/final/Fig2b_source.csv,See public result registry and source table,source registered; full map regeneration requires external inputs
Figure 2 panel c,Figure 2,figure panel,code/07_figures_and_tables/canonical_build/build_Figure2_TOP100_FINAL_v5.R,included compact source for numerical panels; external gridded products for maps,figures/Figure2_TOP100_FINAL_v5.png,source_data/final/Fig2c_source.csv,See public result registry and source table,source registered; full map regeneration requires external inputs
Figure 2 panel d,Figure 2,figure panel,code/07_figures_and_tables/canonical_build/build_Figure2_TOP100_FINAL_v5.R,included compact source for numerical panels; external gridded products for maps,figures/Figure2_TOP100_FINAL_v5.png,source_data/final/Fig2d_source.csv,See public result registry and source table,source registered; full map regeneration requires external inputs
Figure 2 panel e,Figure 2,figure panel,code/07_figures_and_tables/canonical_build/build_Figure2_TOP100_FINAL_v5.R,included compact source for numerical panels; external gridded products for maps,figures/Figure2_TOP100_FINAL_v5.png,source_data/final/Figure2e_source_final.csv,See public result registry and source table,source registered; full map regeneration requires external inputs
Supplementary Figure S1 panel a,Supplementary Figure S1,figure panel,code/07_figures_and_tables/canonical_build/build_Figure3_TOP100_FINAL_v5.R,included compact source for numerical panels; external gridded products for maps,figures/Figure3_TOP100_FINAL_v5.png,source_data/final/Fig3a_source.csv,See public result registry and source table,source registered; full map regeneration requires external inputs
Supplementary Figure S1 panel b,Supplementary Figure S1,figure panel,code/07_figures_and_tables/canonical_build/build_Figure3_TOP100_FINAL_v5.R,included compact source for numerical panels; external gridded products for maps,figures/Figure3_TOP100_FINAL_v5.png,source_data/final/Fig3b_source.csv,See public result registry and source table,source registered; full map regeneration requires external inputs
Supplementary Figure S1 panel c,Supplementary Figure S1,figure panel,code/07_figures_and_tables/canonical_build/build_Figure3_TOP100_FINAL_v5.R,included compact source for numerical panels; external gridded products for maps,figures/Figure3_TOP100_FINAL_v5.png,source_data/final/Fig3c_source.csv,See public result registry and source table,source registered; full map regeneration requires external inputs
Supplementary Figure S1 panel d,Supplementary Figure S1,figure panel,code/07_figures_and_tables/canonical_build/build_Figure3_TOP100_FINAL_v5.R,included compact source for numerical panels; external gridded products for maps,figures/Figure3_TOP100_FINAL_v5.png,source_data/final/Fig3d_source.csv,See public result registry and source table,source registered; full map regeneration requires external inputs
Supplementary Figure S1 panel e,Supplementary Figure S1,figure panel,code/07_figures_and_tables/canonical_build/build_Figure3_TOP100_FINAL_v5.R,included compact source for numerical panels; external gridded products for maps,figures/Figure3_TOP100_FINAL_v5.png,source_data/final/Fig3e_source.csv,See public result registry and source table,source registered; full map regeneration requires external inputs
Supplementary Figure S1 panel f,Supplementary Figure S1,figure panel,code/07_figures_and_tables/canonical_build/build_Figure3_TOP100_FINAL_v5.R,included compact source for numerical panels; external gridded products for maps,figures/Figure3_TOP100_FINAL_v5.png,source_data/final/Figure3f_source_final.csv,See public result registry and source table,source registered; full map regeneration requires external inputs
Table S1,Supplementary Table S1,supplementary table,code/07_figures_and_tables/16_build_workbook/16e_build_SI_INDEX_AND_TABLES.mjs,public result registry plus listed compact Source Data,not bundled as a standalone table in the v23 code-release baseline,source_data/registry/WGPE_PUBLIC_RESULT_REGISTRY.csv,Datasets and variables,registry/source coverage mapped; standalone SI table reconstruction requires manuscript SI build inputs
Table S2,Supplementary Table S2,supplementary table,code/07_figures_and_tables/16_build_workbook/16e_build_SI_INDEX_AND_TABLES.mjs,public result registry plus listed compact Source Data,not bundled as a standalone table in the v23 code-release baseline,source_data/registry/WGPE_PUBLIC_RESULT_REGISTRY.csv,Method parameters,registry/source coverage mapped; standalone SI table reconstruction requires manuscript SI build inputs
Table S3,Supplementary Table S3,supplementary table,code/07_figures_and_tables/16_build_workbook/16e_build_SI_INDEX_AND_TABLES.mjs,public result registry plus listed compact Source Data,not bundled as a standalone table in the v23 code-release baseline,source_data/registry/WGPE_PUBLIC_RESULT_REGISTRY.csv,Surface truncation sensitivity,registry/source coverage mapped; standalone SI table reconstruction requires manuscript SI build inputs
Table S4,Supplementary Table S4,supplementary table,code/07_figures_and_tables/16_build_workbook/16e_build_SI_INDEX_AND_TABLES.mjs,public result registry plus listed compact Source Data,not bundled as a standalone table in the v23 code-release baseline,source_data/registry/WGPE_PUBLIC_RESULT_REGISTRY.csv,ERA5-JRA-55 comparison,registry/source coverage mapped; standalone SI table reconstruction requires manuscript SI build inputs
Table S5,Supplementary Table S5,supplementary table,code/07_figures_and_tables/16_build_workbook/16e_build_SI_INDEX_AND_TABLES.mjs,public result registry plus listed compact Source Data,not bundled as a standalone table in the v23 code-release baseline,source_data/registry/WGPE_PUBLIC_RESULT_REGISTRY.csv,RHARM nearest-grid comparison,registry/source coverage mapped; standalone SI table reconstruction requires manuscript SI build inputs
Table S6,Supplementary Table S6,supplementary table,code/07_figures_and_tables/16_build_workbook/16e_build_SI_INDEX_AND_TABLES.mjs,public result registry plus listed compact Source Data,not bundled as a standalone table in the v23 code-release baseline,source_data/registry/WGPE_PUBLIC_RESULT_REGISTRY.csv,RHARM bilinear sensitivity,registry/source coverage mapped; standalone SI table reconstruction requires manuscript SI build inputs
Table S7,Supplementary Table S7,supplementary table,code/07_figures_and_tables/16_build_workbook/16e_build_SI_INDEX_AND_TABLES.mjs,public result registry plus listed compact Source Data,not bundled as a standalone table in the v23 code-release baseline,source_data/registry/WGPE_PUBLIC_RESULT_REGISTRY.csv,Trend uncertainty and start-year sensitivity,registry/source coverage mapped; standalone SI table reconstruction requires manuscript SI build inputs
Table S8,Supplementary Table S8,supplementary table,code/07_figures_and_tables/16_build_workbook/16e_build_SI_INDEX_AND_TABLES.mjs,public result registry plus listed compact Source Data,not bundled as a standalone table in the v23 code-release baseline,source_data/registry/WGPE_PUBLIC_RESULT_REGISTRY.csv,Global and climate-zone trends,registry/source coverage mapped; standalone SI table reconstruction requires manuscript SI build inputs
Table S9,Supplementary Table S9,supplementary table,code/07_figures_and_tables/16_build_workbook/16e_build_SI_INDEX_AND_TABLES.mjs,public result registry plus listed compact Source Data,not bundled as a standalone table in the v23 code-release baseline,source_data/registry/WGPE_PUBLIC_RESULT_REGISTRY.csv,Five-layer <z> contributions,registry/source coverage mapped; standalone SI table reconstruction requires manuscript SI build inputs
Table S10,Supplementary Table S10,supplementary table,code/07_figures_and_tables/16_build_workbook/16e_build_SI_INDEX_AND_TABLES.mjs,public result registry plus listed compact Source Data,not bundled as a standalone table in the v23 code-release baseline,source_data/registry/WGPE_PUBLIC_RESULT_REGISTRY.csv,Exact <z> redistribution decomposition,registry/source coverage mapped; standalone SI table reconstruction requires manuscript SI build inputs
Table S11,Supplementary Table S11,supplementary table,code/07_figures_and_tables/16_build_workbook/16e_build_SI_INDEX_AND_TABLES.mjs,public result registry plus listed compact Source Data,not bundled as a standalone table in the v23 code-release baseline,source_data/registry/WGPE_PUBLIC_RESULT_REGISTRY.csv,W-GPE three-channel decomposition,registry/source coverage mapped; standalone SI table reconstruction requires manuscript SI build inputs
Table S12,Supplementary Table S12,supplementary table,code/07_figures_and_tables/16_build_workbook/16e_build_SI_INDEX_AND_TABLES.mjs,public result registry plus listed compact Source Data,not bundled as a standalone table in the v23 code-release baseline,source_data/registry/WGPE_PUBLIC_RESULT_REGISTRY.csv,Wet/dry composites,registry/source coverage mapped; standalone SI table reconstruction requires manuscript SI build inputs
Table S13,Supplementary Table S13,supplementary table,code/07_figures_and_tables/16_build_workbook/16e_build_SI_INDEX_AND_TABLES.mjs,public result registry plus listed compact Source Data,not bundled as a standalone table in the v23 code-release baseline,source_data/registry/WGPE_PUBLIC_RESULT_REGISTRY.csv,Wet/dry uncertainty,registry/source coverage mapped; standalone SI table reconstruction requires manuscript SI build inputs
Table S14,Supplementary Table S14,supplementary table,code/07_figures_and_tables/16_build_workbook/16e_build_SI_INDEX_AND_TABLES.mjs,public result registry plus listed compact Source Data,not bundled as a standalone table in the v23 code-release baseline,source_data/registry/WGPE_PUBLIC_RESULT_REGISTRY.csv,ENSO global composite,registry/source coverage mapped; standalone SI table reconstruction requires manuscript SI build inputs
Table S15,Supplementary Table S15,supplementary table,code/07_figures_and_tables/16_build_workbook/16e_build_SI_INDEX_AND_TABLES.mjs,public result registry plus listed compact Source Data,not bundled as a standalone table in the v23 code-release baseline,source_data/registry/WGPE_PUBLIC_RESULT_REGISTRY.csv,ENSO uncertainty,registry/source coverage mapped; standalone SI table reconstruction requires manuscript SI build inputs
Table S16,Supplementary Table S16,supplementary table,code/07_figures_and_tables/16_build_workbook/16e_build_SI_INDEX_AND_TABLES.mjs,public result registry plus listed compact Source Data,not bundled as a standalone table in the v23 code-release baseline,source_data/registry/WGPE_PUBLIC_RESULT_REGISTRY.csv,ENSO climate-zone decomposition,registry/source coverage mapped; standalone SI table reconstruction requires manuscript SI build inputs
Table S17,Supplementary Table S17,supplementary table,code/07_figures_and_tables/16_build_workbook/16e_build_SI_INDEX_AND_TABLES.mjs,public result registry plus listed compact Source Data,not bundled as a standalone table in the v23 code-release baseline,source_data/registry/WGPE_PUBLIC_RESULT_REGISTRY.csv,Figure 2e model definitions and primary increments,registry/source coverage mapped; standalone SI table reconstruction requires manuscript SI build inputs
Table S18,Supplementary Table S18,supplementary table,code/07_figures_and_tables/16_build_workbook/16e_build_SI_INDEX_AND_TABLES.mjs,public result registry plus listed compact Source Data,not bundled as a standalone table in the v23 code-release baseline,source_data/registry/WGPE_PUBLIC_RESULT_REGISTRY.csv,Figure 2e absolute OOF skill,registry/source coverage mapped; standalone SI table reconstruction requires manuscript SI build inputs
Table S19,Supplementary Table S19,supplementary table,code/07_figures_and_tables/16_build_workbook/16e_build_SI_INDEX_AND_TABLES.mjs,public result registry plus listed compact Source Data,not bundled as a standalone table in the v23 code-release baseline,source_data/registry/WGPE_PUBLIC_RESULT_REGISTRY.csv,Figure 2e spatial/temporal uncertainty,registry/source coverage mapped; standalone SI table reconstruction requires manuscript SI build inputs
Table S20,Supplementary Table S20,supplementary table,code/07_figures_and_tables/16_build_workbook/16e_build_SI_INDEX_AND_TABLES.mjs,public result registry plus listed compact Source Data,not bundled as a standalone table in the v23 code-release baseline,source_data/registry/WGPE_PUBLIC_RESULT_REGISTRY.csv,Figure 2e climate zones,registry/source coverage mapped; standalone SI table reconstruction requires manuscript SI build inputs
Table S21,Supplementary Table S21,supplementary table,code/07_figures_and_tables/16_build_workbook/16e_build_SI_INDEX_AND_TABLES.mjs,public result registry plus listed compact Source Data,not bundled as a standalone table in the v23 code-release baseline,source_data/registry/WGPE_PUBLIC_RESULT_REGISTRY.csv,Figure 2e preprocessing sensitivity,registry/source coverage mapped; standalone SI table reconstruction requires manuscript SI build inputs
Table S22,Supplementary Table S22,supplementary table,code/07_figures_and_tables/16_build_workbook/16e_build_SI_INDEX_AND_TABLES.mjs,public result registry plus listed compact Source Data,not bundled as a standalone table in the v23 code-release baseline,source_data/registry/WGPE_PUBLIC_RESULT_REGISTRY.csv,Figure 2e terminal holdout,registry/source coverage mapped; standalone SI table reconstruction requires manuscript SI build inputs
Table S23,Supplementary Table S23,supplementary table,code/07_figures_and_tables/16_build_workbook/16e_build_SI_INDEX_AND_TABLES.mjs,public result registry plus listed compact Source Data,not bundled as a standalone table in the v23 code-release baseline,source_data/registry/WGPE_PUBLIC_RESULT_REGISTRY.csv,GPP partial-correlation results,registry/source coverage mapped; standalone SI table reconstruction requires manuscript SI build inputs
Table S24,Supplementary Table S24,supplementary table,code/07_figures_and_tables/16_build_workbook/16e_build_SI_INDEX_AND_TABLES.mjs,public result registry plus listed compact Source Data,not bundled as a standalone table in the v23 code-release baseline,source_data/registry/WGPE_PUBLIC_RESULT_REGISTRY.csv,LAI and ecology sensitivity results,registry/source coverage mapped; standalone SI table reconstruction requires manuscript SI build inputs
Global <z> trend,Abstract/Results,headline value,code/03_trends_and_decomposition/03_trend_and_layers/05_analyze_top_boundary_results.py,ERA5 monthly pressure/surface data,source_data/final/Fig1a_source.csv,source_data/final/Fig1a_source.csv,0.819478444957555 m yr-1,smoke-tested
Global W-GPE trend,Abstract/Results,headline value,code/03_trends_and_decomposition/03_trend_and_layers/05_analyze_top_boundary_results.py,ERA5 monthly pressure/surface data,source_data/final/Fig1b_source.csv,source_data/final/Fig1b_source.csv,672.055360999501 J m-2 yr-1,smoke-tested
RHARM validation,Results and Table S5,validation summary,code/06_validation (registered validation scripts),RHARM v1 and ERA5 collocations,registry records,source_data/registry/WGPE_PUBLIC_RESULT_REGISTRY.csv,Recent partial-column trends and monthly correlations,registry only; station data not redistributed
