"region","channel","value","y","lower95","upper95"
"Global","IWV",9.06559745236828,6.81,3.4185091864242,14.2200067137654
"N high latitude","IWV",-0.0778579012506934,5.21,-2.44814649874756,2.0065660752784
"N temperate","IWV",5.25668890276274,4.21,1.19143705750359,9.09191429491345
"S high latitude","IWV",2.76068535902696,1.21,0.916002483063444,4.86413110428189
"S temperate","IWV",-0.583414471138148,2.21,-5.19084085282601,3.86219804547713
"Tropics","IWV",19.4180812017306,3.21,8.88400211262997,30.1014105427072
"Global","<z>",2.08126490938483,6.6,-0.606493554365148,4.44959152998395
"N high latitude","<z>",0.117789300976671,5,-0.479502025299854,0.78129823728393
"N temperate","<z>",-0.097573581985197,4,-1.52156972075547,1.30977398993289
"S high latitude","<z>",0.711308751335842,1,0.226347888254401,1.24388137428502
"S temperate","<z>",1.89263092482269,2,-0.390965638044118,4.00979911681008
"Tropics","<z>",3.96645388215908,3,-1.93976244310501,10.2186864526024
"Global","Interaction",0.577042907215633,6.39,0.0853183186796576,1.30959777415265
"N high latitude","Interaction",0.0284988968175536,4.79,-0.0617302567736663,0.0973259075579279
"N temperate","Interaction",-0.0589791925973277,3.79,-0.153779563528391,0.0356692049927825
"S high latitude","Interaction",0.0200243068156103,0.79,-0.00921647553292591,0.0554773968044
"S temperate","Interaction",0.0466482022453438,1.79,-0.10889316574857,0.231906278635495
"Tropics","Interaction",1.45004789380361,2.79,0.277601519448947,3.26144930148195
